0.001,0.5,0.008,545959,756,3160,30,0,-1,-1,757,80,98,26,0,-1,-1,193,6992,1171,976,842,471,151,-1,-1,1050,11659,2011-09-13
0.002,0.5,0.008,545959,355,3160,30,0,-1,-1,356,80,98,26,0,-1,-1,193,5972,1163,896,657,645,153,-1,-1,1039,10530,2011-09-13
0.003,0.5,0.008,545959,245,3160,30,0,-1,-1,246,80,98,26,0,-1,-1,193,5820,1161,767,671,664,152,-1,-1,1048,10289,2011-09-13
0.004,0.5,0.008,545959,179,2701,22,0,-1,-1,180,74,86,18,0,-1,-1,168,5912,1178,726,633,902,152,-1,-1,957,10466,2011-09-13
0.005,0.5,0.008,545959,142,1035,10,0,-1,-1,143,46,45,9,0,-1,-1,92,5590,1168,675,536,1292,152,-1,-1,797,10216,2011-09-13
0.006,0.5,0.008,545959,97,300,7,0,-1,-1,98,25,25,5,0,-1,-1,49,6102,1172,738,475,643,151,-1,-1,1080,10366,2011-09-13
0.007,0.5,0.008,545959,57,120,4,0,-1,-1,58,16,17,1,0,-1,-1,28,5709,1166,671,452,808,152,-1,-1,706,9670,2011-09-13
0.008,0.5,0.008,545959,44,66,4,0,-1,-1,45,12,14,1,0,-1,-1,21,5988,1167,613,446,593,157,-1,-1,638,9608,2011-09-13
0.009,0.5,0.008,545959,32,55,3,0,-1,-1,33,11,12,1,0,-1,-1,18,6152,1162,656,445,722,149,-1,-1,625,9917,2011-09-13
0.01,0.5,0.008,545959,25,55,3,0,-1,-1,26,11,11,1,0,-1,-1,17,5501,1181,578,447,583,163,-1,-1,581,9040,2011-09-13
0.02,0.5,0.008,545959,8,15,0,-1,-1,-1,9,6,4,0,-1,-1,-1,6,5892,1167,569,437,338,-1,-1,-1,447,8857,2011-09-13
0.03,0.5,0.008,545959,8,15,0,-1,-1,-1,9,6,3,0,-1,-1,-1,6,6041,1171,572,434,339,-1,-1,-1,435,8998,2011-09-13
0.04,0.5,0.008,545959,8,6,0,-1,-1,-1,9,4,3,0,-1,-1,-1,5,6056,1170,568,422,335,-1,-1,-1,411,8968,2011-09-13
0.05,0.5,0.008,545959,8,6,0,-1,-1,-1,9,4,3,0,-1,-1,-1,5,5915,1164,574,422,338,-1,-1,-1,409,8828,2011-09-13
0.06,0.5,0.008,545959,6,6,0,-1,-1,-1,7,4,2,0,-1,-1,-1,4,6791,1162,612,528,337,-1,-1,-1,415,9851,2011-09-13
0.07,0.5,0.008,545959,6,3,0,-1,-1,-1,7,3,2,0,-1,-1,-1,3,6304,1172,575,558,349,-1,-1,-1,417,9380,2011-09-13
0.08,0.5,0.008,545959,5,3,0,-1,-1,-1,6,3,1,0,-1,-1,-1,3,5864,1166,609,557,333,-1,-1,-1,620,9156,2011-09-13
0.09,0.5,0.008,545959,5,3,0,-1,-1,-1,6,3,1,0,-1,-1,-1,3,6113,1174,612,555,334,-1,-1,-1,628,9422,2011-09-13
0.1,0.5,0.08,545959,4,1,-1,-1,-1,-1,5,2,0,-1,-1,-1,-1,2,5421,1159,581,411,-1,-1,-1,-1,629,8207,2011-09-13
0.4,0.5,0.08,545959,2,-1,-1,-1,-1,-1,3,0,-1,-1,-1,-1,-1,0,6099,1165,550,-1,-1,-1,-1,-1,157,7976,2011-09-13
0.001,0.5,0.008,545959,756,3160,30,0,-1,-1,757,80,98,26,0,-1,-1,193,5660,1168,975,832,470,151,-1,-1,1041,10304,2011-09-13
0.002,0.5,0.008,545959,355,3160,30,0,-1,-1,356,80,98,26,0,-1,-1,193,6093,1173,892,655,646,152,-1,-1,1039,10657,2011-09-13
0.003,0.5,0.008,545959,245,3160,30,0,-1,-1,246,80,98,26,0,-1,-1,193,6304,1178,778,669,660,153,-1,-1,1048,10796,2011-09-13
0.004,0.5,0.008,545959,179,2701,22,0,-1,-1,180,74,86,18,0,-1,-1,168,6238,1174,757,634,900,152,-1,-1,970,10832,2011-09-13
0.005,0.5,0.008,545959,142,1035,10,0,-1,-1,143,46,45,9,0,-1,-1,92,5671,1178,669,533,1292,152,-1,-1,798,10300,2011-09-13
0.006,0.5,0.008,545959,97,300,7,0,-1,-1,98,25,25,5,0,-1,-1,49,6057,1175,657,478,642,152,-1,-1,1088,10255,2011-09-13
0.007,0.5,0.008,545959,57,120,4,0,-1,-1,58,16,17,1,0,-1,-1,28,6096,1172,664,451,810,153,-1,-1,703,10056,2011-09-13
0.008,0.5,0.008,545959,44,66,4,0,-1,-1,45,12,14,1,0,-1,-1,21,6191,1161,677,451,597,153,-1,-1,677,9912,2011-09-13
0.009,0.5,0.008,545959,32,55,3,0,-1,-1,33,11,12,1,0,-1,-1,18,6132,1166,643,446,734,149,-1,-1,621,9897,2011-09-13
0.01,0.5,0.008,545959,25,55,3,0,-1,-1,26,11,11,1,0,-1,-1,17,6497,1170,581,444,580,164,-1,-1,578,10021,2011-09-13
0.02,0.5,0.008,545959,8,15,0,-1,-1,-1,9,6,4,0,-1,-1,-1,6,5495,1168,618,433,339,-1,-1,-1,463,8521,2011-09-13
0.03,0.5,0.008,545959,8,15,0,-1,-1,-1,9,6,3,0,-1,-1,-1,6,5847,1176,569,434,340,-1,-1,-1,433,8805,2011-09-13
0.04,0.5,0.008,545959,8,6,0,-1,-1,-1,9,4,3,0,-1,-1,-1,5,5531,1172,569,435,339,-1,-1,-1,425,8475,2011-09-13
0.05,0.5,0.008,545959,8,6,0,-1,-1,-1,9,4,3,0,-1,-1,-1,5,6452,1161,568,421,338,-1,-1,-1,412,9357,2011-09-13
0.06,0.5,0.008,545959,6,6,0,-1,-1,-1,7,4,2,0,-1,-1,-1,4,6454,1162,573,536,338,-1,-1,-1,415,9483,2011-09-13
0.07,0.5,0.008,545959,6,3,0,-1,-1,-1,7,3,2,0,-1,-1,-1,3,5681,1173,572,556,348,-1,-1,-1,423,8759,2011-09-13
0.08,0.5,0.008,545959,5,3,0,-1,-1,-1,6,3,1,0,-1,-1,-1,3,6314,1184,614,566,348,-1,-1,-1,400,9432,2011-09-13
0.09,0.5,0.008,545959,5,3,0,-1,-1,-1,6,3,1,0,-1,-1,-1,3,6711,1171,610,564,349,-1,-1,-1,401,9812,2011-09-13
0.1,0.5,0.08,545959,4,1,-1,-1,-1,-1,5,2,0,-1,-1,-1,-1,2,6509,1177,580,407,-1,-1,-1,-1,623,9302,2011-09-13
0.4,0.5,0.08,545959,2,-1,-1,-1,-1,-1,3,0,-1,-1,-1,-1,-1,0,6176,1162,612,-1,-1,-1,-1,-1,154,8111,2011-09-13
0.001,0.5,0.008,545959,756,3160,30,0,-1,-1,757,80,98,26,0,-1,-1,193,6303,1156,969,830,470,152,-1,-1,1047,10933,2011-09-13
0.002,0.5,0.008,545959,355,3160,30,0,-1,-1,356,80,98,26,0,-1,-1,193,6095,1173,900,668,651,153,-1,-1,1040,10686,2011-09-13
0.003,0.5,0.008,545959,245,3160,30,0,-1,-1,246,80,98,26,0,-1,-1,193,6261,1169,761,659,650,154,-1,-1,1042,10703,2011-09-13
0.004,0.5,0.008,545959,179,2701,22,0,-1,-1,180,74,86,18,0,-1,-1,168,6050,1166,755,633,896,152,-1,-1,959,10618,2011-09-13
0.005,0.5,0.008,545959,142,1035,10,0,-1,-1,143,46,45,9,0,-1,-1,92,5795,1169,671,533,1297,151,-1,-1,792,10414,2011-09-13
0.006,0.5,0.008,545959,97,300,7,0,-1,-1,98,25,25,5,0,-1,-1,49,6107,1160,680,482,642,151,-1,-1,1084,10312,2011-09-13
0.007,0.5,0.008,545959,57,120,4,0,-1,-1,58,16,17,1,0,-1,-1,28,5769,1171,667,453,802,153,-1,-1,704,9726,2011-09-13
0.008,0.5,0.008,545959,44,66,4,0,-1,-1,45,12,14,1,0,-1,-1,21,5657,1174,662,444,595,151,-1,-1,669,9358,2011-09-13
0.009,0.5,0.008,545959,32,55,3,0,-1,-1,33,11,12,1,0,-1,-1,18,6322,1157,645,447,728,150,-1,-1,627,10081,2011-09-13
0.01,0.5,0.008,545959,25,55,3,0,-1,-1,26,11,11,1,0,-1,-1,17,5711,1177,577,444,582,163,-1,-1,580,9240,2011-09-13
0.02,0.5,0.008,545959,8,15,0,-1,-1,-1,9,6,4,0,-1,-1,-1,6,6448,1179,574,447,339,-1,-1,-1,467,9460,2011-09-13
0.03,0.5,0.008,545959,8,15,0,-1,-1,-1,9,6,3,0,-1,-1,-1,6,6230,1162,617,431,340,-1,-1,-1,451,9236,2011-09-13
0.04,0.5,0.008,545959,8,6,0,-1,-1,-1,9,4,3,0,-1,-1,-1,5,5721,1166,572,437,335,-1,-1,-1,427,8665,2011-09-13
0.05,0.5,0.008,545959,8,6,0,-1,-1,-1,9,4,3,0,-1,-1,-1,5,5684,1177,617,424,337,-1,-1,-1,419,8664,2011-09-13
0.06,0.5,0.008,545959,6,6,0,-1,-1,-1,7,4,2,0,-1,-1,-1,4,6197,1164,611,528,336,-1,-1,-1,414,9255,2011-09-13
0.07,0.5,0.008,545959,6,3,0,-1,-1,-1,7,3,2,0,-1,-1,-1,3,6351,1169,569,559,347,-1,-1,-1,418,9420,2011-09-13
0.08,0.5,0.008,545959,5,3,0,-1,-1,-1,6,3,1,0,-1,-1,-1,3,5730,1166,572,553,339,-1,-1,-1,624,8990,2011-09-13
0.09,0.5,0.008,545959,5,3,0,-1,-1,-1,6,3,1,0,-1,-1,-1,3,6299,1172,570,555,339,-1,-1,-1,624,9566,2011-09-13
0.1,0.5,0.08,545959,4,1,-1,-1,-1,-1,5,2,0,-1,-1,-1,-1,2,5515,1162,579,407,-1,-1,-1,-1,629,8298,2011-09-13
0.4,0.5,0.08,545959,2,-1,-1,-1,-1,-1,3,0,-1,-1,-1,-1,-1,0,5566,1194,549,-1,-1,-1,-1,-1,156,7471,2011-09-13
0.001,0.5,0.008,545959,756,3160,30,0,-1,-1,757,80,98,26,0,-1,-1,193,5940,1171,973,834,470,151,-1,-1,1044,10590,2011-09-13
0.002,0.5,0.008,545959,355,3160,30,0,-1,-1,356,80,98,26,0,-1,-1,193,6091,1176,900,665,652,153,-1,-1,1038,10683,2011-09-13
0.003,0.5,0.008,545959,245,3160,30,0,-1,-1,246,80,98,26,0,-1,-1,193,6472,1168,762,667,656,153,-1,-1,1048,10933,2011-09-13
0.004,0.5,0.008,545959,179,2701,22,0,-1,-1,180,74,86,18,0,-1,-1,168,6080,1168,727,633,897,153,-1,-1,961,10627,2011-09-13
0.005,0.5,0.008,545959,142,1035,10,0,-1,-1,143,46,45,9,0,-1,-1,92,6299,1173,677,535,1290,152,-1,-1,790,10923,2011-09-13
0.006,0.5,0.008,545959,97,300,7,0,-1,-1,98,25,25,5,0,-1,-1,49,5820,1162,655,473,640,152,-1,-1,1077,9986,2011-09-13
0.007,0.5,0.008,545959,57,120,4,0,-1,-1,58,16,17,1,0,-1,-1,28,5517,1173,667,449,807,153,-1,-1,701,9474,2011-09-13
0.008,0.5,0.008,545959,44,66,4,0,-1,-1,45,12,14,1,0,-1,-1,21,5518,1176,666,456,595,153,-1,-1,663,9232,2011-09-13
0.009,0.5,0.008,545959,32,55,3,0,-1,-1,33,11,12,1,0,-1,-1,18,6266,1171,650,444,726,150,-1,-1,626,10037,2011-09-13
0.01,0.5,0.008,545959,25,55,3,0,-1,-1,26,11,11,1,0,-1,-1,17,6117,1179,581,443,582,163,-1,-1,575,9648,2011-09-13
0.02,0.5,0.008,545959,8,15,0,-1,-1,-1,9,6,4,0,-1,-1,-1,6,5833,1174,572,435,340,-1,-1,-1,447,8808,2011-09-13
0.03,0.5,0.008,545959,8,15,0,-1,-1,-1,9,6,3,0,-1,-1,-1,6,6018,1171,570,446,339,-1,-1,-1,449,8999,2011-09-13
0.04,0.5,0.008,545959,8,6,0,-1,-1,-1,9,4,3,0,-1,-1,-1,5,5781,1163,570,425,339,-1,-1,-1,411,8695,2011-09-13
0.05,0.5,0.008,545959,8,6,0,-1,-1,-1,9,4,3,0,-1,-1,-1,5,5942,1162,571,423,339,-1,-1,-1,413,8856,2011-09-13
0.06,0.5,0.008,545959,6,6,0,-1,-1,-1,7,4,2,0,-1,-1,-1,4,5863,1177,577,516,336,-1,-1,-1,414,8889,2011-09-13
0.07,0.5,0.008,545959,6,3,0,-1,-1,-1,7,3,2,0,-1,-1,-1,3,6002,1164,575,558,338,-1,-1,-1,655,9297,2011-09-13
0.08,0.5,0.008,545959,5,3,0,-1,-1,-1,6,3,1,0,-1,-1,-1,3,6061,1157,609,567,348,-1,-1,-1,399,9146,2011-09-13
0.09,0.5,0.008,545959,5,3,0,-1,-1,-1,6,3,1,0,-1,-1,-1,3,5271,1163,610,557,333,-1,-1,-1,632,8573,2011-09-13
0.1,0.5,0.08,545959,4,1,-1,-1,-1,-1,5,2,0,-1,-1,-1,-1,2,5338,1160,579,402,-1,-1,-1,-1,627,8113,2011-09-13
0.4,0.5,0.08,545959,2,-1,-1,-1,-1,-1,3,0,-1,-1,-1,-1,-1,0,6483,1170,553,-1,-1,-1,-1,-1,157,8368,2011-09-13
0.001,0.5,0.008,545959,756,3160,30,0,-1,-1,757,80,98,26,0,-1,-1,193,5759,1160,995,844,472,151,-1,-1,1038,10426,2011-09-13
0.002,0.5,0.008,545959,355,3160,30,0,-1,-1,356,80,98,26,0,-1,-1,193,5270,1173,895,662,653,153,-1,-1,1047,9860,2011-09-13
0.003,0.5,0.008,545959,245,3160,30,0,-1,-1,246,80,98,26,0,-1,-1,193,5861,1170,748,661,649,153,-1,-1,1042,10290,2011-09-13
0.004,0.5,0.008,545959,179,2701,22,0,-1,-1,180,74,86,18,0,-1,-1,168,5753,1163,755,634,895,153,-1,-1,965,10324,2011-09-13
0.005,0.5,0.008,545959,142,1035,10,0,-1,-1,143,46,45,9,0,-1,-1,92,6047,1170,673,532,1291,152,-1,-1,790,10662,2011-09-13
0.006,0.5,0.008,545959,97,300,7,0,-1,-1,98,25,25,5,0,-1,-1,49,5868,1165,660,472,643,152,-1,-1,1091,10057,2011-09-13
0.007,0.5,0.008,545959,57,120,4,0,-1,-1,58,16,17,1,0,-1,-1,28,5943,1158,662,451,811,153,-1,-1,702,9886,2011-09-13
0.008,0.5,0.008,545959,44,66,4,0,-1,-1,45,12,14,1,0,-1,-1,21,5687,1170,669,447,597,152,-1,-1,664,9393,2011-09-13
0.009,0.5,0.008,545959,32,55,3,0,-1,-1,33,11,12,1,0,-1,-1,18,5757,1168,651,445,729,150,-1,-1,625,9530,2011-09-13
0.01,0.5,0.008,545959,25,55,3,0,-1,-1,26,11,11,1,0,-1,-1,17,6135,1181,579,443,582,162,-1,-1,575,9663,2011-09-13
0.02,0.5,0.008,545959,8,15,0,-1,-1,-1,9,6,4,0,-1,-1,-1,6,5346,1168,566,433,339,-1,-1,-1,447,8304,2011-09-13
0.03,0.5,0.008,545959,8,15,0,-1,-1,-1,9,6,3,0,-1,-1,-1,6,5344,1165,573,436,340,-1,-1,-1,437,8300,2011-09-13
0.04,0.5,0.008,545959,8,6,0,-1,-1,-1,9,4,3,0,-1,-1,-1,5,6232,1159,617,423,340,-1,-1,-1,419,9195,2011-09-13
0.05,0.5,0.008,545959,8,6,0,-1,-1,-1,9,4,3,0,-1,-1,-1,5,5677,1161,571,423,338,-1,-1,-1,409,8586,2011-09-13
0.06,0.5,0.008,545959,6,6,0,-1,-1,-1,7,4,2,0,-1,-1,-1,4,5944,1163,638,481,337,-1,-1,-1,412,8981,2011-09-13
0.07,0.5,0.008,545959,6,3,0,-1,-1,-1,7,3,2,0,-1,-1,-1,3,6479,1160,573,559,346,-1,-1,-1,421,9545,2011-09-13
0.08,0.5,0.008,545959,5,3,0,-1,-1,-1,6,3,1,0,-1,-1,-1,3,5797,1177,570,555,341,-1,-1,-1,622,9068,2011-09-13
0.09,0.5,0.008,545959,5,3,0,-1,-1,-1,6,3,1,0,-1,-1,-1,3,6123,1162,611,568,347,-1,-1,-1,399,9217,2011-09-13
0.1,0.5,0.08,545959,4,1,-1,-1,-1,-1,5,2,0,-1,-1,-1,-1,2,6358,1174,579,405,-1,-1,-1,-1,623,9145,2011-09-13
0.4,0.5,0.08,545959,2,-1,-1,-1,-1,-1,3,0,-1,-1,-1,-1,-1,0,5371,1171,550,-1,-1,-1,-1,-1,157,7254,2011-09-13
0.001,0.5,0.008,545959,756,3160,30,0,-1,-1,757,80,98,26,0,-1,-1,193,6377,1173,974,831,469,151,-1,-1,1047,11030,2011-09-13
0.002,0.5,0.008,545959,355,3160,30,0,-1,-1,356,80,98,26,0,-1,-1,193,5885,1163,905,662,653,153,-1,-1,1044,10472,2011-09-13
0.003,0.5,0.008,545959,245,3160,30,0,-1,-1,246,80,98,26,0,-1,-1,193,6017,1159,772,661,659,151,-1,-1,1050,10476,2011-09-13
0.004,0.5,0.008,545959,179,2701,22,0,-1,-1,180,74,86,18,0,-1,-1,168,6142,1171,762,636,898,153,-1,-1,964,10733,2011-09-13
0.005,0.5,0.008,545959,142,1035,10,0,-1,-1,143,46,45,9,0,-1,-1,92,6287,1161,669,531,1294,151,-1,-1,788,10888,2011-09-13
0.006,0.5,0.008,545959,97,300,7,0,-1,-1,98,25,25,5,0,-1,-1,49,5929,1168,649,475,642,151,-1,-1,1085,10105,2011-09-13
0.007,0.5,0.008,545959,57,120,4,0,-1,-1,58,16,17,1,0,-1,-1,28,6061,1167,675,450,806,152,-1,-1,704,10021,2011-09-13
0.008,0.5,0.008,545959,44,66,4,0,-1,-1,45,12,14,1,0,-1,-1,21,6210,1159,676,448,598,153,-1,-1,677,9926,2011-09-13
0.009,0.5,0.008,545959,32,55,3,0,-1,-1,33,11,12,1,0,-1,-1,18,5891,1169,644,447,730,150,-1,-1,624,9661,2011-09-13
0.01,0.5,0.008,545959,25,55,3,0,-1,-1,26,11,11,1,0,-1,-1,17,5980,1167,577,444,582,162,-1,-1,579,9498,2011-09-13
0.02,0.5,0.008,545959,8,15,0,-1,-1,-1,9,6,4,0,-1,-1,-1,6,6241,1157,647,434,336,-1,-1,-1,460,9281,2011-09-13
0.03,0.5,0.008,545959,8,15,0,-1,-1,-1,9,6,3,0,-1,-1,-1,6,5723,1163,570,434,339,-1,-1,-1,435,8671,2011-09-13
0.04,0.5,0.008,545959,8,6,0,-1,-1,-1,9,4,3,0,-1,-1,-1,5,5316,1175,568,421,335,-1,-1,-1,410,8232,2011-09-13
0.05,0.5,0.008,545959,8,6,0,-1,-1,-1,9,4,3,0,-1,-1,-1,5,6616,1162,569,434,340,-1,-1,-1,421,9548,2011-09-13
0.06,0.5,0.008,545959,6,6,0,-1,-1,-1,7,4,2,0,-1,-1,-1,4,6635,1164,569,518,337,-1,-1,-1,415,9645,2011-09-13
0.07,0.5,0.008,545959,6,3,0,-1,-1,-1,7,3,2,0,-1,-1,-1,3,5362,1166,572,560,347,-1,-1,-1,419,8433,2011-09-13
0.08,0.5,0.008,545959,5,3,0,-1,-1,-1,6,3,1,0,-1,-1,-1,3,5949,1174,570,563,348,-1,-1,-1,404,9014,2011-09-13
0.09,0.5,0.008,545959,5,3,0,-1,-1,-1,6,3,1,0,-1,-1,-1,3,6072,1163,571,557,341,-1,-1,-1,628,9338,2011-09-13
0.1,0.5,0.08,545959,4,1,-1,-1,-1,-1,5,2,0,-1,-1,-1,-1,2,5900,1158,607,410,-1,-1,-1,-1,637,8718,2011-09-13
0.4,0.5,0.08,545959,2,-1,-1,-1,-1,-1,3,0,-1,-1,-1,-1,-1,0,6008,1200,533,-1,-1,-1,-1,-1,175,7921,2011-09-13
0.001,0.5,0.008,545959,756,3160,30,0,-1,-1,757,80,98,26,0,-1,-1,193,6104,1173,979,833,470,151,-1,-1,1043,10760,2011-09-13
0.002,0.5,0.008,545959,355,3160,30,0,-1,-1,356,80,98,26,0,-1,-1,193,5800,1172,892,659,651,152,-1,-1,1040,10372,2011-09-13
0.003,0.5,0.008,545959,245,3160,30,0,-1,-1,246,80,98,26,0,-1,-1,193,5430,1165,753,662,664,152,-1,-1,1046,9878,2011-09-13
0.004,0.5,0.008,545959,179,2701,22,0,-1,-1,180,74,86,18,0,-1,-1,168,5389,1170,766,636,902,153,-1,-1,963,9985,2011-09-13
0.005,0.5,0.008,545959,142,1035,10,0,-1,-1,143,46,45,9,0,-1,-1,92,5749,1164,677,530,1291,151,-1,-1,789,10358,2011-09-13
0.006,0.5,0.008,545959,97,300,7,0,-1,-1,98,25,25,5,0,-1,-1,49,6243,1161,650,471,640,151,-1,-1,1078,10400,2011-09-13
0.007,0.5,0.008,545959,57,120,4,0,-1,-1,58,16,17,1,0,-1,-1,28,5870,1177,659,451,814,153,-1,-1,702,9831,2011-09-13
0.008,0.5,0.008,545959,44,66,4,0,-1,-1,45,12,14,1,0,-1,-1,21,6092,1173,660,444,594,153,-1,-1,662,9786,2011-09-13
0.009,0.5,0.008,545959,32,55,3,0,-1,-1,33,11,12,1,0,-1,-1,18,6066,1168,659,455,728,151,-1,-1,633,9866,2011-09-13
0.01,0.5,0.008,545959,25,55,3,0,-1,-1,26,11,11,1,0,-1,-1,17,6289,1177,628,444,582,157,-1,-1,592,9876,2011-09-13
0.02,0.5,0.008,545959,8,15,0,-1,-1,-1,9,6,4,0,-1,-1,-1,6,5844,1164,570,448,338,-1,-1,-1,458,8828,2011-09-13
0.03,0.5,0.008,545959,8,15,0,-1,-1,-1,9,6,3,0,-1,-1,-1,6,6683,1168,571,433,339,-1,-1,-1,432,9632,2011-09-13
0.04,0.5,0.008,545959,8,6,0,-1,-1,-1,9,4,3,0,-1,-1,-1,5,5660,1164,614,422,335,-1,-1,-1,420,8622,2011-09-13
0.05,0.5,0.008,545959,8,6,0,-1,-1,-1,9,4,3,0,-1,-1,-1,5,5930,1165,570,424,340,-1,-1,-1,412,8846,2011-09-13
0.06,0.5,0.008,545959,6,6,0,-1,-1,-1,7,4,2,0,-1,-1,-1,4,5709,1167,566,517,336,-1,-1,-1,413,8714,2011-09-13
0.07,0.5,0.008,545959,6,3,0,-1,-1,-1,7,3,2,0,-1,-1,-1,3,6158,1167,616,569,347,-1,-1,-1,428,9291,2011-09-13
0.08,0.5,0.008,545959,5,3,0,-1,-1,-1,6,3,1,0,-1,-1,-1,3,6385,1165,572,553,339,-1,-1,-1,636,9656,2011-09-13
0.09,0.5,0.008,545959,5,3,0,-1,-1,-1,6,3,1,0,-1,-1,-1,3,6250,1166,611,563,332,-1,-1,-1,630,9559,2011-09-13
0.1,0.5,0.08,545959,4,1,-1,-1,-1,-1,5,2,0,-1,-1,-1,-1,2,6275,1163,587,402,-1,-1,-1,-1,628,9061,2011-09-13
0.4,0.5,0.08,545959,2,-1,-1,-1,-1,-1,3,0,-1,-1,-1,-1,-1,0,5856,1165,551,-1,-1,-1,-1,-1,157,7734,2011-09-13
0.001,0.5,0.008,545959,756,3160,30,0,-1,-1,757,80,98,26,0,-1,-1,193,5968,1170,957,834,471,151,-1,-1,1045,10603,2011-09-13
0.002,0.5,0.008,545959,355,3160,30,0,-1,-1,356,80,98,26,0,-1,-1,193,6069,1167,900,657,649,153,-1,-1,1038,10639,2011-09-13
0.003,0.5,0.008,545959,245,3160,30,0,-1,-1,246,80,98,26,0,-1,-1,193,6123,1181,790,671,662,153,-1,-1,1046,10632,2011-09-13
0.004,0.5,0.008,545959,179,2701,22,0,-1,-1,180,74,86,18,0,-1,-1,168,5976,1162,753,629,895,154,-1,-1,957,10534,2011-09-13
0.005,0.5,0.008,545959,142,1035,10,0,-1,-1,143,46,45,9,0,-1,-1,92,5896,1162,672,531,1296,153,-1,-1,789,10506,2011-09-13
0.006,0.5,0.008,545959,97,300,7,0,-1,-1,98,25,25,5,0,-1,-1,49,5912,1158,655,476,641,151,-1,-1,1086,10084,2011-09-13
0.007,0.5,0.008,545959,57,120,4,0,-1,-1,58,16,17,1,0,-1,-1,28,5778,1165,663,452,805,152,-1,-1,711,9731,2011-09-13
0.008,0.5,0.008,545959,44,66,4,0,-1,-1,45,12,14,1,0,-1,-1,21,5803,1177,652,446,596,151,-1,-1,664,9495,2011-09-13
0.009,0.5,0.008,545959,32,55,3,0,-1,-1,33,11,12,1,0,-1,-1,18,5769,1171,656,446,726,149,-1,-1,623,9546,2011-09-13
0.01,0.5,0.008,545959,25,55,3,0,-1,-1,26,11,11,1,0,-1,-1,17,5572,1166,579,445,583,163,-1,-1,582,9097,2011-09-13
0.02,0.5,0.008,545959,8,15,0,-1,-1,-1,9,6,4,0,-1,-1,-1,6,5916,1173,590,443,339,-1,-1,-1,454,8922,2011-09-13
0.03,0.5,0.008,545959,8,15,0,-1,-1,-1,9,6,3,0,-1,-1,-1,6,5948,1162,571,434,339,-1,-1,-1,436,8895,2011-09-13
0.04,0.5,0.008,545959,8,6,0,-1,-1,-1,9,4,3,0,-1,-1,-1,5,6066,1159,569,423,338,-1,-1,-1,411,8972,2011-09-13
0.05,0.5,0.008,545959,8,6,0,-1,-1,-1,9,4,3,0,-1,-1,-1,5,6216,1164,569,434,339,-1,-1,-1,423,9151,2011-09-13
0.06,0.5,0.008,545959,6,6,0,-1,-1,-1,7,4,2,0,-1,-1,-1,4,6306,1170,575,519,347,-1,-1,-1,421,9344,2011-09-13
0.07,0.5,0.008,545959,6,3,0,-1,-1,-1,7,3,2,0,-1,-1,-1,3,5844,1165,576,556,347,-1,-1,-1,419,8913,2011-09-13
0.08,0.5,0.008,545959,5,3,0,-1,-1,-1,6,3,1,0,-1,-1,-1,3,5868,1168,570,554,347,-1,-1,-1,412,8925,2011-09-13
0.09,0.5,0.008,545959,5,3,0,-1,-1,-1,6,3,1,0,-1,-1,-1,3,6157,1156,608,570,348,-1,-1,-1,399,9245,2011-09-13
0.1,0.5,0.08,545959,4,1,-1,-1,-1,-1,5,2,0,-1,-1,-1,-1,2,5831,1167,570,407,-1,-1,-1,-1,630,8611,2011-09-13
0.4,0.5,0.08,545959,2,-1,-1,-1,-1,-1,3,0,-1,-1,-1,-1,-1,0,6081,1200,623,-1,-1,-1,-1,-1,158,8068,2011-09-13
0.001,0.5,0.008,545959,756,3160,30,0,-1,-1,757,80,98,26,0,-1,-1,193,5617,1171,975,830,468,151,-1,-1,1040,10257,2011-09-13
0.002,0.5,0.008,545959,355,3160,30,0,-1,-1,356,80,98,26,0,-1,-1,193,5897,1175,895,666,657,154,-1,-1,1042,10492,2011-09-13
0.003,0.5,0.008,545959,245,3160,30,0,-1,-1,246,80,98,26,0,-1,-1,193,5927,1166,771,663,649,153,-1,-1,1040,10376,2011-09-13
0.004,0.5,0.008,545959,179,2701,22,0,-1,-1,180,74,86,18,0,-1,-1,168,6147,1176,756,631,901,153,-1,-1,959,10730,2011-09-13
0.005,0.5,0.008,545959,142,1035,10,0,-1,-1,143,46,45,9,0,-1,-1,92,6461,1173,671,532,1302,152,-1,-1,793,11091,2011-09-13
0.006,0.5,0.008,545959,97,300,7,0,-1,-1,98,25,25,5,0,-1,-1,49,6359,1165,656,474,643,151,-1,-1,1078,10532,2011-09-13
0.007,0.5,0.008,545959,57,120,4,0,-1,-1,58,16,17,1,0,-1,-1,28,6257,1168,703,451,803,153,-1,-1,702,10244,2011-09-13
0.008,0.5,0.008,545959,44,66,4,0,-1,-1,45,12,14,1,0,-1,-1,21,5880,1171,665,447,596,151,-1,-1,664,9579,2011-09-13
0.009,0.5,0.008,545959,32,55,3,0,-1,-1,33,11,12,1,0,-1,-1,18,5858,1166,654,458,725,149,-1,-1,632,9648,2011-09-13
0.01,0.5,0.008,545959,25,55,3,0,-1,-1,26,11,11,1,0,-1,-1,17,6099,1164,580,456,593,163,-1,-1,575,9636,2011-09-13
0.02,0.5,0.008,545959,8,15,0,-1,-1,-1,9,6,4,0,-1,-1,-1,6,6349,1167,615,434,338,-1,-1,-1,462,9371,2011-09-13
0.03,0.5,0.008,545959,8,15,0,-1,-1,-1,9,6,3,0,-1,-1,-1,6,6300,1173,570,434,341,-1,-1,-1,436,9260,2011-09-13
0.04,0.5,0.008,545959,8,6,0,-1,-1,-1,9,4,3,0,-1,-1,-1,5,6183,1172,567,424,339,-1,-1,-1,413,9103,2011-09-13
0.05,0.5,0.008,545959,8,6,0,-1,-1,-1,9,4,3,0,-1,-1,-1,5,5903,1173,614,439,338,-1,-1,-1,432,8905,2011-09-13
0.06,0.5,0.008,545959,6,6,0,-1,-1,-1,7,4,2,0,-1,-1,-1,4,6163,1173,645,482,350,-1,-1,-1,420,9239,2011-09-13
0.07,0.5,0.008,545959,6,3,0,-1,-1,-1,7,3,2,0,-1,-1,-1,3,5367,1157,577,553,339,-1,-1,-1,679,8679,2011-09-13
0.08,0.5,0.008,545959,5,3,0,-1,-1,-1,6,3,1,0,-1,-1,-1,3,6453,1179,610,575,346,-1,-1,-1,401,9570,2011-09-13
0.09,0.5,0.008,545959,5,3,0,-1,-1,-1,6,3,1,0,-1,-1,-1,3,5673,1168,567,561,349,-1,-1,-1,402,8727,2011-09-13
0.1,0.5,0.08,545959,4,1,-1,-1,-1,-1,5,2,0,-1,-1,-1,-1,2,5686,1164,581,405,-1,-1,-1,-1,622,8465,2011-09-13
0.4,0.5,0.08,545959,2,-1,-1,-1,-1,-1,3,0,-1,-1,-1,-1,-1,0,5363,1175,549,-1,-1,-1,-1,-1,164,7256,2011-09-13
0.001,0.5,0.008,545959,756,3160,30,0,-1,-1,757,80,98,26,0,-1,-1,193,5541,1179,972,834,474,151,-1,-1,1048,10206,2011-09-13
0.002,0.5,0.008,545959,355,3160,30,0,-1,-1,356,80,98,26,0,-1,-1,193,6458,1173,898,666,648,152,-1,-1,1037,11040,2011-09-13
0.003,0.5,0.008,545959,245,3160,30,0,-1,-1,246,80,98,26,0,-1,-1,193,6003,1170,774,673,662,152,-1,-1,1046,10486,2011-09-13
0.004,0.5,0.008,545959,179,2701,22,0,-1,-1,180,74,86,18,0,-1,-1,168,5621,1166,753,634,897,153,-1,-1,954,10185,2011-09-13
0.005,0.5,0.008,545959,142,1035,10,0,-1,-1,143,46,45,9,0,-1,-1,92,5942,1171,673,534,1296,152,-1,-1,790,10565,2011-09-13
0.006,0.5,0.008,545959,97,300,7,0,-1,-1,98,25,25,5,0,-1,-1,49,5624,1175,676,482,639,151,-1,-1,1085,9838,2011-09-13
0.007,0.5,0.008,545959,57,120,4,0,-1,-1,58,16,17,1,0,-1,-1,28,5689,1166,664,450,797,152,-1,-1,698,9622,2011-09-13
0.008,0.5,0.008,545959,44,66,4,0,-1,-1,45,12,14,1,0,-1,-1,21,5558,1161,663,445,599,151,-1,-1,663,9245,2011-09-13
0.009,0.5,0.008,545959,32,55,3,0,-1,-1,33,11,12,1,0,-1,-1,18,6410,1173,644,445,727,151,-1,-1,623,10181,2011-09-13
0.01,0.5,0.008,545959,25,55,3,0,-1,-1,26,11,11,1,0,-1,-1,17,6113,1171,580,442,580,162,-1,-1,577,9631,2011-09-13
0.02,0.5,0.008,545959,8,15,0,-1,-1,-1,9,6,4,0,-1,-1,-1,6,6143,1167,568,432,339,-1,-1,-1,447,9102,2011-09-13
0.03,0.5,0.008,545959,8,15,0,-1,-1,-1,9,6,3,0,-1,-1,-1,6,5749,1166,574,435,340,-1,-1,-1,436,8708,2011-09-13
0.04,0.5,0.008,545959,8,6,0,-1,-1,-1,9,4,3,0,-1,-1,-1,5,5458,1157,617,436,337,-1,-1,-1,435,8447,2011-09-13
0.05,0.5,0.008,545959,8,6,0,-1,-1,-1,9,4,3,0,-1,-1,-1,5,5901,1165,614,436,336,-1,-1,-1,433,8891,2011-09-13
0.06,0.5,0.008,545959,6,6,0,-1,-1,-1,7,4,2,0,-1,-1,-1,4,6296,1164,569,515,337,-1,-1,-1,414,9301,2011-09-13
0.07,0.5,0.008,545959,6,3,0,-1,-1,-1,7,3,2,0,-1,-1,-1,3,5854,1173,572,554,344,-1,-1,-1,421,8924,2011-09-13
0.08,0.5,0.008,545959,5,3,0,-1,-1,-1,6,3,1,0,-1,-1,-1,3,6046,1159,571,552,341,-1,-1,-1,631,9306,2011-09-13
0.09,0.5,0.008,545959,5,3,0,-1,-1,-1,6,3,1,0,-1,-1,-1,3,5906,1161,573,561,349,-1,-1,-1,401,8958,2011-09-13
0.1,0.5,0.08,545959,4,1,-1,-1,-1,-1,5,2,0,-1,-1,-1,-1,2,5398,1170,580,407,-1,-1,-1,-1,631,8192,2011-09-13
0.4,0.5,0.08,545959,2,-1,-1,-1,-1,-1,3,0,-1,-1,-1,-1,-1,0,5657,1160,549,-1,-1,-1,-1,-1,164,7535,2011-09-13
0.002,0.5,0,545959,355,19900,95,0,-1,-1,356,200,275,81,0,-1,-1,426,6264,1180,889,1423,733,153,-1,-1,2232,12880,2011-09-13
0.002,0.5,0.001,545959,355,19900,95,0,-1,-1,356,200,275,81,0,-1,-1,426,5774,1176,890,1416,726,153,-1,-1,2212,12354,2011-09-13
0.002,0.5,0.002,545959,355,19900,95,0,-1,-1,356,200,275,81,0,-1,-1,426,5945,1160,912,1433,727,153,-1,-1,2208,12545,2011-09-13
0.002,0.5,0.003,545959,355,19900,95,0,-1,-1,356,200,275,81,0,-1,-1,426,6048,1190,899,1428,734,152,-1,-1,2217,12676,2011-09-13
0.002,0.5,0.004,545959,355,19900,95,0,-1,-1,356,200,275,81,0,-1,-1,426,5919,1160,975,1430,736,153,-1,-1,2218,12598,2011-09-13
0.002,0.5,0.005,545959,355,16110,73,0,-1,-1,356,180,233,63,0,-1,-1,359,5713,1176,887,1240,703,154,-1,-1,2019,11901,2011-09-13
0.002,0.5,0.006,545959,355,7503,50,0,-1,-1,356,123,154,48,0,-1,-1,282,6549,1161,891,1017,559,155,-1,-1,1534,11873,2011-09-13
0.002,0.5,0.007,545959,355,4278,41,0,-1,-1,356,93,117,38,0,-1,-1,233,6293,1171,868,887,513,151,-1,-1,1161,11051,2011-09-13
0.002,0.5,0.008,545959,355,3160,30,0,-1,-1,356,80,98,26,0,-1,-1,193,6049,1166,891,658,647,153,-1,-1,1041,10612,2011-09-13
0.002,0.5,0.009,545959,355,2016,18,0,-1,-1,356,64,75,15,0,-1,-1,144,6158,1155,894,599,1945,159,-1,-1,904,11822,2011-09-13
0.002,0.5,0.01,545959,355,1485,12,0,-1,-1,356,55,56,9,0,-1,-1,110,6142,1167,900,574,1488,151,-1,-1,802,11230,2011-09-13
0.002,0.5,0.011,545959,355,861,10,0,-1,-1,356,42,43,9,0,-1,-1,88,5643,1169,887,517,1295,153,-1,-1,788,10460,2011-09-13
0.002,0.5,0.012,545959,355,496,10,0,-1,-1,356,32,32,8,0,-1,-1,66,5910,1171,892,492,685,152,-1,-1,606,9914,2011-09-13
0.002,0.5,0.013,545959,355,231,7,0,-1,-1,356,22,22,4,0,-1,-1,41,5396,1180,890,464,641,152,-1,-1,1029,9758,2011-09-13
0.002,0.5,0.014,545959,355,153,6,0,-1,-1,356,18,19,3,0,-1,-1,34,6246,1167,893,455,623,151,-1,-1,842,10383,2011-09-13
0.002,0.5,0.015,545959,355,78,4,0,-1,-1,356,13,14,1,0,-1,-1,22,6156,1177,886,447,595,153,-1,-1,661,10081,2011-09-13
0.002,0.5,0.016,545959,355,78,4,0,-1,-1,356,13,14,1,0,-1,-1,22,5696,1158,892,447,597,152,-1,-1,661,9610,2011-09-13
0.002,0.5,0.017,545959,355,66,4,0,-1,-1,356,12,14,1,0,-1,-1,21,5923,1177,892,446,598,152,-1,-1,670,9866,2011-09-13
0.002,0.5,0.018,545959,355,55,3,0,-1,-1,356,11,12,1,0,-1,-1,18,5975,1165,887,445,720,153,-1,-1,629,9979,2011-09-13
0.002,0.5,0.019,545959,355,55,3,0,-1,-1,356,11,12,1,0,-1,-1,18,5925,1156,890,443,724,152,-1,-1,628,9924,2011-09-13
0.002,0.5,0.02,545959,355,55,3,0,-1,-1,356,11,11,1,0,-1,-1,17,6436,1168,890,447,586,152,-1,-1,598,10282,2011-09-13
0.002,0.5,0.03,545959,355,28,1,-1,-1,-1,356,8,8,0,-1,-1,-1,10,5774,1171,897,445,561,-1,-1,-1,517,9371,2011-09-13
0.002,0.5,0.07,545959,355,15,0,-1,-1,-1,356,6,3,0,-1,-1,-1,6,5663,1168,902,446,332,-1,-1,-1,447,8965,2011-09-13
0.002,0.5,0.1,545959,355,6,0,-1,-1,-1,356,4,3,0,-1,-1,-1,5,6209,1163,897,426,331,-1,-1,-1,426,9459,2011-09-13
0.002,0.5,0.2,545959,355,1,-1,-1,-1,-1,356,2,0,-1,-1,-1,-1,2,6508,1173,896,398,-1,-1,-1,-1,629,9611,2011-09-13
0.002,0.5,0.4,545959,355,0,-1,-1,-1,-1,356,1,0,-1,-1,-1,-1,1,5575,1170,894,152,-1,-1,-1,-1,527,8325,2011-09-13
0.002,0.5,0.7,545959,355,-1,-1,-1,-1,-1,356,0,-1,-1,-1,-1,-1,0,6319,1171,895,-1,-1,-1,-1,-1,152,8542,2011-09-13
0.002,0.5,0,545959,355,19900,95,0,-1,-1,356,200,275,81,0,-1,-1,426,5827,1179,895,1424,732,152,-1,-1,2214,12431,2011-09-13
0.002,0.5,0.001,545959,355,19900,95,0,-1,-1,356,200,275,81,0,-1,-1,426,6387,1170,904,1435,732,153,-1,-1,2210,12998,2011-09-13
0.002,0.5,0.002,545959,355,19900,95,0,-1,-1,356,200,275,81,0,-1,-1,426,5932,1158,890,1417,728,153,-1,-1,2208,12492,2011-09-13
0.002,0.5,0.003,545959,355,19900,95,0,-1,-1,356,200,275,81,0,-1,-1,426,5480,1168,904,1436,735,152,-1,-1,2212,12095,2011-09-13
0.002,0.5,0.004,545959,355,19900,95,0,-1,-1,356,200,275,81,0,-1,-1,426,6045,1164,897,1427,734,151,-1,-1,2213,12637,2011-09-13
0.002,0.5,0.005,545959,355,16110,73,0,-1,-1,356,180,233,63,0,-1,-1,359,5623,1159,901,1254,704,155,-1,-1,2030,11832,2011-09-13
0.002,0.5,0.006,545959,355,7503,50,0,-1,-1,356,123,154,48,0,-1,-1,282,5861,1162,899,1022,562,154,-1,-1,1530,11197,2011-09-13
0.002,0.5,0.007,545959,355,4278,41,0,-1,-1,356,93,117,38,0,-1,-1,233,5958,1170,892,880,509,151,-1,-1,1154,10720,2011-09-13
0.002,0.5,0.008,545959,355,3160,30,0,-1,-1,356,80,98,26,0,-1,-1,193,6028,1163,890,655,651,153,-1,-1,1045,10592,2011-09-13
0.002,0.5,0.009,545959,355,2016,18,0,-1,-1,356,64,75,15,0,-1,-1,144,5618,1166,887,597,1950,160,-1,-1,906,11291,2011-09-13
0.002,0.5,0.01,545959,355,1485,12,0,-1,-1,356,55,56,9,0,-1,-1,110,5502,1163,898,575,1482,154,-1,-1,801,10581,2011-09-13
0.002,0.5,0.011,545959,355,861,10,0,-1,-1,356,42,43,9,0,-1,-1,88,5822,1161,904,530,1297,153,-1,-1,784,10657,2011-09-13
0.002,0.5,0.012,545959,355,496,10,0,-1,-1,356,32,32,8,0,-1,-1,66,6107,1170,898,498,685,152,-1,-1,604,10120,2011-09-13
0.002,0.5,0.013,545959,355,231,7,0,-1,-1,356,22,22,4,0,-1,-1,41,5955,1170,878,466,641,152,-1,-1,1032,10300,2011-09-13
0.002,0.5,0.014,545959,355,153,6,0,-1,-1,356,18,19,3,0,-1,-1,34,5944,1163,875,456,623,150,-1,-1,838,10055,2011-09-13
0.002,0.5,0.015,545959,355,78,4,0,-1,-1,356,13,14,1,0,-1,-1,22,5913,1177,898,459,596,152,-1,-1,658,9859,2011-09-13
0.002,0.5,0.016,545959,355,78,4,0,-1,-1,356,13,14,1,0,-1,-1,22,5662,1169,886,450,598,153,-1,-1,656,9581,2011-09-13
0.002,0.5,0.017,545959,355,66,4,0,-1,-1,356,12,14,1,0,-1,-1,21,5407,1177,883,447,598,152,-1,-1,663,9333,2011-09-13
0.002,0.5,0.018,545959,355,55,3,0,-1,-1,356,11,12,1,0,-1,-1,18,6194,1158,890,447,728,152,-1,-1,626,10202,2011-09-13
0.002,0.5,0.019,545959,355,55,3,0,-1,-1,356,11,12,1,0,-1,-1,18,5567,1169,900,460,729,152,-1,-1,624,9607,2011-09-13
0.002,0.5,0.02,545959,355,55,3,0,-1,-1,356,11,11,1,0,-1,-1,17,6471,1177,869,443,587,152,-1,-1,598,10302,2011-09-13
0.002,0.5,0.03,545959,355,28,1,-1,-1,-1,356,8,8,0,-1,-1,-1,10,6295,1169,892,444,569,-1,-1,-1,520,9894,2011-09-13
0.002,0.5,0.07,545959,355,15,0,-1,-1,-1,356,6,3,0,-1,-1,-1,6,5947,1158,897,437,332,-1,-1,-1,454,9232,2011-09-13
0.002,0.5,0.1,545959,355,6,0,-1,-1,-1,356,4,3,0,-1,-1,-1,5,6029,1174,887,426,332,-1,-1,-1,419,9272,2011-09-13
0.002,0.5,0.2,545959,355,1,-1,-1,-1,-1,356,2,0,-1,-1,-1,-1,2,5873,1167,891,399,-1,-1,-1,-1,632,8968,2011-09-13
0.002,0.5,0.4,545959,355,0,-1,-1,-1,-1,356,1,0,-1,-1,-1,-1,1,6280,1162,889,154,-1,-1,-1,-1,528,9018,2011-09-13
0.002,0.5,0.7,545959,355,-1,-1,-1,-1,-1,356,0,-1,-1,-1,-1,-1,0,6629,1177,901,-1,-1,-1,-1,-1,153,8865,2011-09-13
0.002,0.5,0,545959,355,19900,95,0,-1,-1,356,200,275,81,0,-1,-1,426,5708,1172,893,1431,733,153,-1,-1,2208,12305,2011-09-13
0.002,0.5,0.001,545959,355,19900,95,0,-1,-1,356,200,275,81,0,-1,-1,426,6029,1172,902,1431,728,151,-1,-1,2209,12629,2011-09-13
0.002,0.5,0.002,545959,355,19900,95,0,-1,-1,356,200,275,81,0,-1,-1,426,5598,1172,897,1423,740,152,-1,-1,2205,12195,2011-09-13
0.002,0.5,0.003,545959,355,19900,95,0,-1,-1,356,200,275,81,0,-1,-1,426,6496,1167,886,1417,731,151,-1,-1,2211,13067,2011-09-13
0.002,0.5,0.004,545959,355,19900,95,0,-1,-1,356,200,275,81,0,-1,-1,426,5622,1165,898,1433,729,151,-1,-1,2209,12215,2011-09-13
0.002,0.5,0.005,545959,355,16110,73,0,-1,-1,356,180,233,63,0,-1,-1,359,5755,1164,902,1247,700,154,-1,-1,2028,11957,2011-09-13
0.002,0.5,0.006,545959,355,7503,50,0,-1,-1,356,123,154,48,0,-1,-1,282,5625,1177,885,1027,561,154,-1,-1,1533,10969,2011-09-13
0.002,0.5,0.007,545959,355,4278,41,0,-1,-1,356,93,117,38,0,-1,-1,233,5262,1164,897,891,510,151,-1,-1,1159,10042,2011-09-13
0.002,0.5,0.008,545959,355,3160,30,0,-1,-1,356,80,98,26,0,-1,-1,193,5938,1167,892,658,651,152,-1,-1,1046,10511,2011-09-13
0.002,0.5,0.009,545959,355,2016,18,0,-1,-1,356,64,75,15,0,-1,-1,144,5250,1168,899,607,1947,160,-1,-1,907,10944,2011-09-13
0.002,0.5,0.01,545959,355,1485,12,0,-1,-1,356,55,56,9,0,-1,-1,110,5534,1172,896,569,1493,151,-1,-1,809,10630,2011-09-13
0.002,0.5,0.011,545959,355,861,10,0,-1,-1,356,42,43,9,0,-1,-1,88,5873,1162,886,518,1291,152,-1,-1,789,10677,2011-09-13
0.002,0.5,0.012,545959,355,496,10,0,-1,-1,356,32,32,8,0,-1,-1,66,6204,1175,908,501,683,152,-1,-1,606,10235,2011-09-13
0.002,0.5,0.013,545959,355,231,7,0,-1,-1,356,22,22,4,0,-1,-1,41,5759,1173,897,475,642,153,-1,-1,1034,10139,2011-09-13
0.002,0.5,0.014,545959,355,153,6,0,-1,-1,356,18,19,3,0,-1,-1,34,5849,1164,897,466,625,152,-1,-1,837,9995,2011-09-13
0.002,0.5,0.015,545959,355,78,4,0,-1,-1,356,13,14,1,0,-1,-1,22,5767,1180,899,461,596,153,-1,-1,659,9722,2011-09-13
0.002,0.5,0.016,545959,355,78,4,0,-1,-1,356,13,14,1,0,-1,-1,22,6119,1167,888,453,595,153,-1,-1,659,10041,2011-09-13
0.002,0.5,0.017,545959,355,66,4,0,-1,-1,356,12,14,1,0,-1,-1,21,5949,1160,892,448,596,151,-1,-1,667,9869,2011-09-13
0.002,0.5,0.018,545959,355,55,3,0,-1,-1,356,11,12,1,0,-1,-1,18,5918,1176,890,445,727,152,-1,-1,626,9940,2011-09-13
0.002,0.5,0.019,545959,355,55,3,0,-1,-1,356,11,12,1,0,-1,-1,18,5587,1166,901,449,719,152,-1,-1,634,9615,2011-09-13
0.002,0.5,0.02,545959,355,55,3,0,-1,-1,356,11,11,1,0,-1,-1,17,5353,1174,867,447,587,152,-1,-1,599,9186,2011-09-13
0.002,0.5,0.03,545959,355,28,1,-1,-1,-1,356,8,8,0,-1,-1,-1,10,5677,1166,872,447,561,-1,-1,-1,526,9255,2011-09-13
0.002,0.5,0.07,545959,355,15,0,-1,-1,-1,356,6,3,0,-1,-1,-1,6,6207,1170,894,436,331,-1,-1,-1,448,9492,2011-09-13
0.002,0.5,0.1,545959,355,6,0,-1,-1,-1,356,4,3,0,-1,-1,-1,5,5810,1173,891,429,331,-1,-1,-1,421,9062,2011-09-13
0.002,0.5,0.2,545959,355,1,-1,-1,-1,-1,356,2,0,-1,-1,-1,-1,2,6251,1174,892,398,-1,-1,-1,-1,635,9356,2011-09-13
0.002,0.5,0.4,545959,355,0,-1,-1,-1,-1,356,1,0,-1,-1,-1,-1,1,5802,1161,869,154,-1,-1,-1,-1,531,8523,2011-09-13
0.002,0.5,0.7,545959,355,-1,-1,-1,-1,-1,356,0,-1,-1,-1,-1,-1,0,5960,1201,902,-1,-1,-1,-1,-1,152,8220,2011-09-13
0.002,0.5,0,545959,355,19900,95,0,-1,-1,356,200,275,81,0,-1,-1,426,6336,1162,902,1427,732,152,-1,-1,2214,12933,2011-09-13
0.002,0.5,0.001,545959,355,19900,95,0,-1,-1,356,200,275,81,0,-1,-1,426,6149,1176,896,1426,728,153,-1,-1,2205,12739,2011-09-13
0.002,0.5,0.002,545959,355,19900,95,0,-1,-1,356,200,275,81,0,-1,-1,426,6143,1161,872,1417,723,152,-1,-1,2209,12685,2011-09-13
0.002,0.5,0.003,545959,355,19900,95,0,-1,-1,356,200,275,81,0,-1,-1,426,5917,1177,884,1430,731,152,-1,-1,2219,12517,2011-09-13
0.002,0.5,0.004,545959,355,19900,95,0,-1,-1,356,200,275,81,0,-1,-1,426,5600,1187,872,1430,730,152,-1,-1,2210,12186,2011-09-13
0.002,0.5,0.005,545959,355,16110,73,0,-1,-1,356,180,233,63,0,-1,-1,359,5854,1174,885,1236,702,153,-1,-1,2027,12036,2011-09-13
0.002,0.5,0.006,545959,355,7503,50,0,-1,-1,356,123,154,48,0,-1,-1,282,6104,1171,901,1024,561,155,-1,-1,1533,11455,2011-09-13
0.002,0.5,0.007,545959,355,4278,41,0,-1,-1,356,93,117,38,0,-1,-1,233,5993,1167,891,883,508,151,-1,-1,1161,10761,2011-09-13
0.002,0.5,0.008,545959,355,3160,30,0,-1,-1,356,80,98,26,0,-1,-1,193,6338,1176,891,660,651,153,-1,-1,1040,10916,2011-09-13
0.002,0.5,0.009,545959,355,2016,18,0,-1,-1,356,64,75,15,0,-1,-1,144,5688,1161,890,595,1947,160,-1,-1,903,11350,2011-09-13
0.002,0.5,0.01,545959,355,1485,12,0,-1,-1,356,55,56,9,0,-1,-1,110,5628,1166,906,566,1483,151,-1,-1,805,10710,2011-09-13
0.002,0.5,0.011,545959,355,861,10,0,-1,-1,356,42,43,9,0,-1,-1,88,5965,1168,890,521,1294,151,-1,-1,785,10781,2011-09-13
0.002,0.5,0.012,545959,355,496,10,0,-1,-1,356,32,32,8,0,-1,-1,66,5907,1163,901,497,682,150,-1,-1,602,9908,2011-09-13
0.002,0.5,0.013,545959,355,231,7,0,-1,-1,356,22,22,4,0,-1,-1,41,5732,1158,903,476,641,152,-1,-1,1031,10099,2011-09-13
0.002,0.5,0.014,545959,355,153,6,0,-1,-1,356,18,19,3,0,-1,-1,34,6245,1162,900,465,625,149,-1,-1,837,10389,2011-09-13
0.002,0.5,0.015,545959,355,78,4,0,-1,-1,356,13,14,1,0,-1,-1,22,5810,1165,886,448,598,153,-1,-1,662,9727,2011-09-13
0.002,0.5,0.016,545959,355,78,4,0,-1,-1,356,13,14,1,0,-1,-1,22,5821,1168,900,460,594,153,-1,-1,655,9758,2011-09-13
0.002,0.5,0.017,545959,355,66,4,0,-1,-1,356,12,14,1,0,-1,-1,21,6134,1212,880,457,596,152,-1,-1,664,10101,2011-09-13
0.002,0.5,0.018,545959,355,55,3,0,-1,-1,356,11,12,1,0,-1,-1,18,5917,1159,894,444,719,153,-1,-1,624,9915,2011-09-13
0.002,0.5,0.019,545959,355,55,3,0,-1,-1,356,11,12,1,0,-1,-1,18,6028,1159,902,455,717,152,-1,-1,625,10043,2011-09-13
0.002,0.5,0.02,545959,355,55,3,0,-1,-1,356,11,11,1,0,-1,-1,17,5994,1175,887,444,588,151,-1,-1,597,9842,2011-09-13
0.002,0.5,0.03,545959,355,28,1,-1,-1,-1,356,8,8,0,-1,-1,-1,10,6040,1171,900,454,557,-1,-1,-1,515,9644,2011-09-13
0.002,0.5,0.07,545959,355,15,0,-1,-1,-1,356,6,3,0,-1,-1,-1,6,5808,1163,906,446,332,-1,-1,-1,449,9111,2011-09-13
0.002,0.5,0.1,545959,355,6,0,-1,-1,-1,356,4,3,0,-1,-1,-1,5,6237,1161,901,437,331,-1,-1,-1,421,9494,2011-09-13
0.002,0.5,0.2,545959,355,1,-1,-1,-1,-1,356,2,0,-1,-1,-1,-1,2,6443,1165,900,407,-1,-1,-1,-1,638,9559,2011-09-13
0.002,0.5,0.4,545959,355,0,-1,-1,-1,-1,356,1,0,-1,-1,-1,-1,1,6438,1174,869,154,-1,-1,-1,-1,529,9170,2011-09-13
0.002,0.5,0.7,545959,355,-1,-1,-1,-1,-1,356,0,-1,-1,-1,-1,-1,0,6079,1169,891,-1,-1,-1,-1,-1,152,8297,2011-09-13
0.002,0.5,0,545959,355,19900,95,0,-1,-1,356,200,275,81,0,-1,-1,426,5894,1180,876,1423,736,152,-1,-1,2218,12486,2011-09-13
0.002,0.5,0.001,545959,355,19900,95,0,-1,-1,356,200,275,81,0,-1,-1,426,5736,1171,899,1435,728,153,-1,-1,2214,12343,2011-09-13
0.002,0.5,0.002,545959,355,19900,95,0,-1,-1,356,200,275,81,0,-1,-1,426,5547,1170,898,1423,731,153,-1,-1,2213,12140,2011-09-13
0.002,0.5,0.003,545959,355,19900,95,0,-1,-1,356,200,275,81,0,-1,-1,426,5184,1177,896,1428,730,151,-1,-1,2208,11782,2011-09-13
0.002,0.5,0.004,545959,355,19900,95,0,-1,-1,356,200,275,81,0,-1,-1,426,6103,1181,886,1427,732,152,-1,-1,2217,12704,2011-09-13
0.002,0.5,0.005,545959,355,16110,73,0,-1,-1,356,180,233,63,0,-1,-1,359,6116,1170,904,1245,697,153,-1,-1,2030,12324,2011-09-13
0.002,0.5,0.006,545959,355,7503,50,0,-1,-1,356,123,154,48,0,-1,-1,282,6096,1161,886,1011,559,154,-1,-1,1535,11412,2011-09-13
0.002,0.5,0.007,545959,355,4278,41,0,-1,-1,356,93,117,38,0,-1,-1,233,5478,1157,896,891,515,150,-1,-1,1159,10252,2011-09-13
0.002,0.5,0.008,545959,355,3160,30,0,-1,-1,356,80,98,26,0,-1,-1,193,6222,1206,895,660,650,153,-1,-1,1045,10838,2011-09-13
0.002,0.5,0.009,545959,355,2016,18,0,-1,-1,356,64,75,15,0,-1,-1,144,5904,1175,890,596,1943,160,-1,-1,906,11581,2011-09-13
0.002,0.5,0.01,545959,355,1485,12,0,-1,-1,356,55,56,9,0,-1,-1,110,5379,1166,900,572,1482,151,-1,-1,804,10462,2011-09-13
0.002,0.5,0.011,545959,355,861,10,0,-1,-1,356,42,43,9,0,-1,-1,88,5829,1162,897,517,1295,151,-1,-1,787,10644,2011-09-13
0.002,0.5,0.012,545959,355,496,10,0,-1,-1,356,32,32,8,0,-1,-1,66,5822,1159,891,487,684,152,-1,-1,613,9815,2011-09-13
0.002,0.5,0.013,545959,355,231,7,0,-1,-1,356,22,22,4,0,-1,-1,41,5947,1168,893,463,641,152,-1,-1,1033,10305,2011-09-13
0.002,0.5,0.014,545959,355,153,6,0,-1,-1,356,18,19,3,0,-1,-1,34,5428,1169,894,456,622,153,-1,-1,840,9568,2011-09-13
0.002,0.5,0.015,545959,355,78,4,0,-1,-1,356,13,14,1,0,-1,-1,22,6041,1156,897,449,593,153,-1,-1,660,9956,2011-09-13
0.002,0.5,0.016,545959,355,78,4,0,-1,-1,356,13,14,1,0,-1,-1,22,5796,1174,897,449,597,153,-1,-1,661,9733,2011-09-13
0.002,0.5,0.017,545959,355,66,4,0,-1,-1,356,12,14,1,0,-1,-1,21,5468,1167,893,448,596,152,-1,-1,672,9402,2011-09-13
0.002,0.5,0.018,545959,355,55,3,0,-1,-1,356,11,12,1,0,-1,-1,18,6368,1185,888,445,722,153,-1,-1,625,10390,2011-09-13
0.002,0.5,0.019,545959,355,55,3,0,-1,-1,356,11,12,1,0,-1,-1,18,5741,1170,889,444,723,153,-1,-1,624,9751,2011-09-13
0.002,0.5,0.02,545959,355,55,3,0,-1,-1,356,11,11,1,0,-1,-1,17,6021,1168,891,446,586,152,-1,-1,595,9866,2011-09-13
0.002,0.5,0.03,545959,355,28,1,-1,-1,-1,356,8,8,0,-1,-1,-1,10,5745,1159,888,445,561,-1,-1,-1,517,9322,2011-09-13
0.002,0.5,0.07,545959,355,15,0,-1,-1,-1,356,6,3,0,-1,-1,-1,6,5943,1166,893,434,331,-1,-1,-1,446,9219,2011-09-13
0.002,0.5,0.1,545959,355,6,0,-1,-1,-1,356,4,3,0,-1,-1,-1,5,5916,1170,892,425,333,-1,-1,-1,422,9164,2011-09-13
0.002,0.5,0.2,545959,355,1,-1,-1,-1,-1,356,2,0,-1,-1,-1,-1,2,5949,1165,899,411,-1,-1,-1,-1,635,9066,2011-09-13
0.002,0.5,0.4,545959,355,0,-1,-1,-1,-1,356,1,0,-1,-1,-1,-1,1,6025,1172,887,155,-1,-1,-1,-1,529,8773,2011-09-13
0.002,0.5,0.7,545959,355,-1,-1,-1,-1,-1,356,0,-1,-1,-1,-1,-1,0,5999,1164,895,-1,-1,-1,-1,-1,154,8218,2011-09-13
0.002,0.5,0,545959,355,19900,95,0,-1,-1,356,200,275,81,0,-1,-1,426,6233,1157,902,1427,730,151,-1,-1,2223,12831,2011-09-13
0.002,0.5,0.001,545959,355,19900,95,0,-1,-1,356,200,275,81,0,-1,-1,426,5985,1167,889,1427,732,153,-1,-1,2208,12569,2011-09-13
0.002,0.5,0.002,545959,355,19900,95,0,-1,-1,356,200,275,81,0,-1,-1,426,6381,1174,875,1420,721,151,-1,-1,2219,12948,2011-09-13
0.002,0.5,0.003,545959,355,19900,95,0,-1,-1,356,200,275,81,0,-1,-1,426,5947,1176,880,1428,726,152,-1,-1,2227,12544,2011-09-13
0.002,0.5,0.004,545959,355,19900,95,0,-1,-1,356,200,275,81,0,-1,-1,426,6283,1172,901,1429,729,153,-1,-1,2210,12885,2011-09-13
0.002,0.5,0.005,545959,355,16110,73,0,-1,-1,356,180,233,63,0,-1,-1,359,5887,1166,898,1250,699,154,-1,-1,2023,12083,2011-09-13
0.002,0.5,0.006,545959,355,7503,50,0,-1,-1,356,123,154,48,0,-1,-1,282,6105,1162,871,1013,557,153,-1,-1,1533,11402,2011-09-13
0.002,0.5,0.007,545959,355,4278,41,0,-1,-1,356,93,117,38,0,-1,-1,233,5894,1162,894,891,509,152,-1,-1,1159,10668,2011-09-13
0.002,0.5,0.008,545959,355,3160,30,0,-1,-1,356,80,98,26,0,-1,-1,193,6104,1176,889,658,651,153,-1,-1,1039,10676,2011-09-13
0.002,0.5,0.009,545959,355,2016,18,0,-1,-1,356,64,75,15,0,-1,-1,144,5787,1162,897,604,1949,161,-1,-1,905,11472,2011-09-13
0.002,0.5,0.01,545959,355,1485,12,0,-1,-1,356,55,56,9,0,-1,-1,110,6095,1169,894,564,1484,151,-1,-1,798,11161,2011-09-13
0.002,0.5,0.011,545959,355,861,10,0,-1,-1,356,42,43,9,0,-1,-1,88,5827,1184,900,516,1300,151,-1,-1,785,10668,2011-09-13
0.002,0.5,0.012,545959,355,496,10,0,-1,-1,356,32,32,8,0,-1,-1,66,5436,1158,893,497,685,151,-1,-1,621,9447,2011-09-13
0.002,0.5,0.013,545959,355,231,7,0,-1,-1,356,22,22,4,0,-1,-1,41,6184,1170,905,466,640,153,-1,-1,1038,10563,2011-09-13
0.002,0.5,0.014,545959,355,153,6,0,-1,-1,356,18,19,3,0,-1,-1,34,5609,1197,905,464,623,151,-1,-1,837,9793,2011-09-13
0.002,0.5,0.015,545959,355,78,4,0,-1,-1,356,13,14,1,0,-1,-1,22,6081,1160,895,451,602,153,-1,-1,669,10017,2011-09-13
0.002,0.5,0.016,545959,355,78,4,0,-1,-1,356,13,14,1,0,-1,-1,22,6151,1183,868,449,597,153,-1,-1,663,10070,2011-09-13
0.002,0.5,0.017,545959,355,66,4,0,-1,-1,356,12,14,1,0,-1,-1,21,5921,1165,889,444,599,152,-1,-1,666,9842,2011-09-13
0.002,0.5,0.018,545959,355,55,3,0,-1,-1,356,11,12,1,0,-1,-1,18,5957,1163,897,455,718,153,-1,-1,623,9973,2011-09-13
0.002,0.5,0.019,545959,355,55,3,0,-1,-1,356,11,12,1,0,-1,-1,18,5937,1167,899,458,728,152,-1,-1,624,9972,2011-09-13
0.002,0.5,0.02,545959,355,55,3,0,-1,-1,356,11,11,1,0,-1,-1,17,5703,1165,889,445,584,151,-1,-1,598,9541,2011-09-13
0.002,0.5,0.03,545959,355,28,1,-1,-1,-1,356,8,8,0,-1,-1,-1,10,5829,1174,894,444,566,-1,-1,-1,517,9430,2011-09-13
0.002,0.5,0.07,545959,355,15,0,-1,-1,-1,356,6,3,0,-1,-1,-1,6,5936,1163,891,436,332,-1,-1,-1,444,9208,2011-09-13
0.002,0.5,0.1,545959,355,6,0,-1,-1,-1,356,4,3,0,-1,-1,-1,5,5922,1172,893,424,331,-1,-1,-1,421,9170,2011-09-13
0.002,0.5,0.2,545959,355,1,-1,-1,-1,-1,356,2,0,-1,-1,-1,-1,2,6745,1173,893,407,-1,-1,-1,-1,629,9854,2011-09-13
0.002,0.5,0.4,545959,355,0,-1,-1,-1,-1,356,1,0,-1,-1,-1,-1,1,5928,1168,886,153,-1,-1,-1,-1,528,8669,2011-09-13
0.002,0.5,0.7,545959,355,-1,-1,-1,-1,-1,356,0,-1,-1,-1,-1,-1,0,5558,1166,889,-1,-1,-1,-1,-1,154,7772,2011-09-13
0.002,0.5,0,545959,355,19900,95,0,-1,-1,356,200,275,81,0,-1,-1,426,6211,1177,867,1429,732,152,-1,-1,2214,12789,2011-09-13
0.002,0.5,0.001,545959,355,19900,95,0,-1,-1,356,200,275,81,0,-1,-1,426,5732,1159,900,1425,732,152,-1,-1,2216,12324,2011-09-13
0.002,0.5,0.002,545959,355,19900,95,0,-1,-1,356,200,275,81,0,-1,-1,426,6433,1179,900,1424,734,153,-1,-1,2204,13035,2011-09-13
0.002,0.5,0.003,545959,355,19900,95,0,-1,-1,356,200,275,81,0,-1,-1,426,6225,1161,870,1427,763,151,-1,-1,2206,12811,2011-09-13
0.002,0.5,0.004,545959,355,19900,95,0,-1,-1,356,200,275,81,0,-1,-1,426,5888,1176,895,1430,737,154,-1,-1,2226,12513,2011-09-13
0.002,0.5,0.005,545959,355,16110,73,0,-1,-1,356,180,233,63,0,-1,-1,359,6343,1169,892,1244,701,152,-1,-1,2021,12531,2011-09-13
0.002,0.5,0.006,545959,355,7503,50,0,-1,-1,356,123,154,48,0,-1,-1,282,6077,1163,875,1014,561,154,-1,-1,1538,11388,2011-09-13
0.002,0.5,0.007,545959,355,4278,41,0,-1,-1,356,93,117,38,0,-1,-1,233,5818,1191,932,882,510,150,-1,-1,1154,10645,2011-09-13
0.002,0.5,0.008,545959,355,3160,30,0,-1,-1,356,80,98,26,0,-1,-1,193,5612,1172,895,670,655,152,-1,-1,1108,10270,2011-09-13
0.002,0.5,0.009,545959,355,2016,18,0,-1,-1,356,64,75,15,0,-1,-1,144,6023,1174,887,594,1952,160,-1,-1,902,11699,2011-09-13
0.002,0.5,0.01,545959,355,1485,12,0,-1,-1,356,55,56,9,0,-1,-1,110,6214,1155,894,564,1494,151,-1,-1,801,11280,2011-09-13
0.002,0.5,0.011,545959,355,861,10,0,-1,-1,356,42,43,9,0,-1,-1,88,5852,1169,887,517,1290,152,-1,-1,787,10661,2011-09-13
0.002,0.5,0.012,545959,355,496,10,0,-1,-1,356,32,32,8,0,-1,-1,66,5750,1170,889,488,685,151,-1,-1,611,9751,2011-09-13
0.002,0.5,0.013,545959,355,231,7,0,-1,-1,356,22,22,4,0,-1,-1,41,5925,1167,898,476,641,153,-1,-1,1029,10294,2011-09-13
0.002,0.5,0.014,545959,355,153,6,0,-1,-1,356,18,19,3,0,-1,-1,34,6177,1173,900,465,625,151,-1,-1,834,10330,2011-09-13
0.002,0.5,0.015,545959,355,78,4,0,-1,-1,356,13,14,1,0,-1,-1,22,6207,1171,885,447,593,152,-1,-1,661,10123,2011-09-13
0.002,0.5,0.016,545959,355,78,4,0,-1,-1,356,13,14,1,0,-1,-1,22,5759,1180,891,447,595,153,-1,-1,659,9691,2011-09-13
0.002,0.5,0.017,545959,355,66,4,0,-1,-1,356,12,14,1,0,-1,-1,21,5955,1176,886,445,596,153,-1,-1,668,9886,2011-09-13
0.002,0.5,0.018,545959,355,55,3,0,-1,-1,356,11,12,1,0,-1,-1,18,5868,1159,904,460,727,153,-1,-1,623,9901,2011-09-13
0.002,0.5,0.019,545959,355,55,3,0,-1,-1,356,11,12,1,0,-1,-1,18,5878,1172,894,444,726,153,-1,-1,623,9897,2011-09-13
0.002,0.5,0.02,545959,355,55,3,0,-1,-1,356,11,11,1,0,-1,-1,17,5925,1164,893,449,586,152,-1,-1,603,9777,2011-09-13
0.002,0.5,0.03,545959,355,28,1,-1,-1,-1,356,8,8,0,-1,-1,-1,10,5690,1163,888,445,561,-1,-1,-1,516,9269,2011-09-13
0.002,0.5,0.07,545959,355,15,0,-1,-1,-1,356,6,3,0,-1,-1,-1,6,5652,1171,892,439,331,-1,-1,-1,447,8937,2011-09-13
0.002,0.5,0.1,545959,355,6,0,-1,-1,-1,356,4,3,0,-1,-1,-1,5,5615,1163,896,424,332,-1,-1,-1,420,8856,2011-09-13
0.002,0.5,0.2,545959,355,1,-1,-1,-1,-1,356,2,0,-1,-1,-1,-1,2,6069,1175,889,405,-1,-1,-1,-1,635,9178,2011-09-13
0.002,0.5,0.4,545959,355,0,-1,-1,-1,-1,356,1,0,-1,-1,-1,-1,1,6521,1170,872,151,-1,-1,-1,-1,527,9248,2011-09-13
0.002,0.5,0.7,545959,355,-1,-1,-1,-1,-1,356,0,-1,-1,-1,-1,-1,0,5830,1165,892,-1,-1,-1,-1,-1,152,8044,2011-09-13
0.002,0.5,0,545959,355,19900,95,0,-1,-1,356,200,275,81,0,-1,-1,426,6039,1176,899,1431,727,153,-1,-1,2208,12641,2011-09-13
0.002,0.5,0.001,545959,355,19900,95,0,-1,-1,356,200,275,81,0,-1,-1,426,5904,1165,887,1425,729,153,-1,-1,2206,12476,2011-09-13
0.002,0.5,0.002,545959,355,19900,95,0,-1,-1,356,200,275,81,0,-1,-1,426,6314,1162,894,1427,733,153,-1,-1,2208,12898,2011-09-13
0.002,0.5,0.003,545959,355,19900,95,0,-1,-1,356,200,275,81,0,-1,-1,426,6840,1160,898,1427,730,152,-1,-1,2208,13422,2011-09-13
0.002,0.5,0.004,545959,355,19900,95,0,-1,-1,356,200,275,81,0,-1,-1,426,5613,1172,903,1429,725,153,-1,-1,2205,12207,2011-09-13
0.002,0.5,0.005,545959,355,16110,73,0,-1,-1,356,180,233,63,0,-1,-1,359,5423,1175,886,1251,699,153,-1,-1,2017,11611,2011-09-13
0.002,0.5,0.006,545959,355,7503,50,0,-1,-1,356,123,154,48,0,-1,-1,282,5855,1157,905,1021,560,156,-1,-1,1535,11195,2011-09-13
0.002,0.5,0.007,545959,355,4278,41,0,-1,-1,356,93,117,38,0,-1,-1,233,6032,1172,897,887,511,151,-1,-1,1156,10813,2011-09-13
0.002,0.5,0.008,545959,355,3160,30,0,-1,-1,356,80,98,26,0,-1,-1,193,5534,1178,890,655,649,151,-1,-1,1039,10102,2011-09-13
0.002,0.5,0.009,545959,355,2016,18,0,-1,-1,356,64,75,15,0,-1,-1,144,6372,1166,898,605,1942,160,-1,-1,903,12053,2011-09-13
0.002,0.5,0.01,545959,355,1485,12,0,-1,-1,356,55,56,9,0,-1,-1,110,5975,1169,903,573,1486,151,-1,-1,799,11062,2011-09-13
0.002,0.5,0.011,545959,355,861,10,0,-1,-1,356,42,43,9,0,-1,-1,88,6084,1170,896,517,1293,152,-1,-1,789,10908,2011-09-13
0.002,0.5,0.012,545959,355,496,10,0,-1,-1,356,32,32,8,0,-1,-1,66,5682,1171,903,498,686,153,-1,-1,607,9706,2011-09-13
0.002,0.5,0.013,545959,355,231,7,0,-1,-1,356,22,22,4,0,-1,-1,41,5535,1157,896,473,641,152,-1,-1,1038,9899,2011-09-13
0.002,0.5,0.014,545959,355,153,6,0,-1,-1,356,18,19,3,0,-1,-1,34,5550,1172,892,453,624,151,-1,-1,838,9686,2011-09-13
0.002,0.5,0.015,545959,355,78,4,0,-1,-1,356,13,14,1,0,-1,-1,22,5821,1172,893,453,599,152,-1,-1,664,9761,2011-09-13
0.002,0.5,0.016,545959,355,78,4,0,-1,-1,356,13,14,1,0,-1,-1,22,5739,1172,870,450,595,153,-1,-1,661,9646,2011-09-13
0.002,0.5,0.017,545959,355,66,4,0,-1,-1,356,12,14,1,0,-1,-1,21,5780,1177,895,447,596,153,-1,-1,672,9727,2011-09-13
0.002,0.5,0.018,545959,355,55,3,0,-1,-1,356,11,12,1,0,-1,-1,18,5830,1168,890,451,721,152,-1,-1,627,9846,2011-09-13
0.002,0.5,0.019,545959,355,55,3,0,-1,-1,356,11,12,1,0,-1,-1,18,5424,1162,886,445,719,152,-1,-1,625,9420,2011-09-13
0.002,0.5,0.02,545959,355,55,3,0,-1,-1,356,11,11,1,0,-1,-1,17,5705,1184,891,445,585,152,-1,-1,600,9567,2011-09-13
0.002,0.5,0.03,545959,355,28,1,-1,-1,-1,356,8,8,0,-1,-1,-1,10,6221,1181,901,459,567,-1,-1,-1,511,9847,2011-09-13
0.002,0.5,0.07,545959,355,15,0,-1,-1,-1,356,6,3,0,-1,-1,-1,6,6016,1162,897,432,332,-1,-1,-1,446,9291,2011-09-13
0.002,0.5,0.1,545959,355,6,0,-1,-1,-1,356,4,3,0,-1,-1,-1,5,5933,1168,902,435,333,-1,-1,-1,419,9196,2011-09-13
0.002,0.5,0.2,545959,355,1,-1,-1,-1,-1,356,2,0,-1,-1,-1,-1,2,6154,1173,876,404,-1,-1,-1,-1,634,9247,2011-09-13
0.002,0.5,0.4,545959,355,0,-1,-1,-1,-1,356,1,0,-1,-1,-1,-1,1,6332,1172,868,151,-1,-1,-1,-1,528,9058,2011-09-13
0.002,0.5,0.7,545959,355,-1,-1,-1,-1,-1,356,0,-1,-1,-1,-1,-1,0,6021,1179,901,-1,-1,-1,-1,-1,152,8259,2011-09-13
0.002,0.5,0,545959,355,19900,95,0,-1,-1,356,200,275,81,0,-1,-1,426,5726,1172,900,1436,735,152,-1,-1,2208,12337,2011-09-13
0.002,0.5,0.001,545959,355,19900,95,0,-1,-1,356,200,275,81,0,-1,-1,426,6208,1169,893,1425,728,152,-1,-1,2210,12793,2011-09-13
0.002,0.5,0.002,545959,355,19900,95,0,-1,-1,356,200,275,81,0,-1,-1,426,6345,1173,878,1424,733,151,-1,-1,2205,12917,2011-09-13
0.002,0.5,0.003,545959,355,19900,95,0,-1,-1,356,200,275,81,0,-1,-1,426,6214,1165,899,1437,730,151,-1,-1,2216,12818,2011-09-13
0.002,0.5,0.004,545959,355,19900,95,0,-1,-1,356,200,275,81,0,-1,-1,426,6085,1166,893,1422,729,151,-1,-1,2209,12662,2011-09-13
0.002,0.5,0.005,545959,355,16110,73,0,-1,-1,356,180,233,63,0,-1,-1,359,5612,1169,889,1240,700,153,-1,-1,2031,11802,2011-09-13
0.002,0.5,0.006,545959,355,7503,50,0,-1,-1,356,123,154,48,0,-1,-1,282,5788,1167,900,1027,559,155,-1,-1,1538,11142,2011-09-13
0.002,0.5,0.007,545959,355,4278,41,0,-1,-1,356,93,117,38,0,-1,-1,233,6580,1169,894,888,511,150,-1,-1,1160,11360,2011-09-13
0.002,0.5,0.008,545959,355,3160,30,0,-1,-1,356,80,98,26,0,-1,-1,193,6182,1170,902,668,653,153,-1,-1,1039,10774,2011-09-13
0.002,0.5,0.009,545959,355,2016,18,0,-1,-1,356,64,75,15,0,-1,-1,144,6447,1166,890,597,1949,160,-1,-1,908,12124,2011-09-13
0.002,0.5,0.01,545959,355,1485,12,0,-1,-1,356,55,56,9,0,-1,-1,110,6125,1163,891,562,1486,151,-1,-1,808,11193,2011-09-13
0.002,0.5,0.011,545959,355,861,10,0,-1,-1,356,42,43,9,0,-1,-1,88,5666,1159,893,517,1296,152,-1,-1,791,10481,2011-09-13
0.002,0.5,0.012,545959,355,496,10,0,-1,-1,356,32,32,8,0,-1,-1,66,6093,1174,889,488,685,152,-1,-1,606,10093,2011-09-13
0.002,0.5,0.013,545959,355,231,7,0,-1,-1,356,22,22,4,0,-1,-1,41,5910,1158,895,463,639,152,-1,-1,1034,10258,2011-09-13
0.002,0.5,0.014,545959,355,153,6,0,-1,-1,356,18,19,3,0,-1,-1,34,5494,1173,898,465,625,151,-1,-1,837,9648,2011-09-13
0.002,0.5,0.015,545959,355,78,4,0,-1,-1,356,13,14,1,0,-1,-1,22,5415,1174,902,462,598,152,-1,-1,658,9368,2011-09-13
0.002,0.5,0.016,545959,355,78,4,0,-1,-1,356,13,14,1,0,-1,-1,22,5860,1161,890,448,594,153,-1,-1,663,9775,2011-09-13
0.002,0.5,0.017,545959,355,66,4,0,-1,-1,356,12,14,1,0,-1,-1,21,5919,1167,891,445,597,152,-1,-1,675,9852,2011-09-13
0.002,0.5,0.018,545959,355,55,3,0,-1,-1,356,11,12,1,0,-1,-1,18,5673,1170,891,451,726,153,-1,-1,630,9700,2011-09-13
0.002,0.5,0.019,545959,355,55,3,0,-1,-1,356,11,12,1,0,-1,-1,18,6151,1171,897,456,724,153,-1,-1,623,10182,2011-09-13
0.002,0.5,0.02,545959,355,55,3,0,-1,-1,356,11,11,1,0,-1,-1,17,5677,1164,888,445,582,152,-1,-1,601,9515,2011-09-13
0.002,0.5,0.03,545959,355,28,1,-1,-1,-1,356,8,8,0,-1,-1,-1,10,5853,1184,897,445,561,-1,-1,-1,524,9471,2011-09-13
0.002,0.5,0.07,545959,355,15,0,-1,-1,-1,356,6,3,0,-1,-1,-1,6,5953,1169,892,434,330,-1,-1,-1,453,9235,2011-09-13
0.002,0.5,0.1,545959,355,6,0,-1,-1,-1,356,4,3,0,-1,-1,-1,5,6153,1167,894,428,332,-1,-1,-1,421,9401,2011-09-13
0.002,0.5,0.2,545959,355,1,-1,-1,-1,-1,356,2,0,-1,-1,-1,-1,2,5962,1167,900,407,-1,-1,-1,-1,636,9078,2011-09-13
0.002,0.5,0.4,545959,355,0,-1,-1,-1,-1,356,1,0,-1,-1,-1,-1,1,6343,1178,899,153,-1,-1,-1,-1,529,9109,2011-09-13
0.002,0.5,0.7,545959,355,-1,-1,-1,-1,-1,356,0,-1,-1,-1,-1,-1,0,5696,1178,895,-1,-1,-1,-1,-1,152,7926,2011-09-13
0.002,0.5,0,545959,355,19900,95,0,-1,-1,356,200,275,81,0,-1,-1,426,5860,1174,890,1420,724,152,-1,-1,2205,12434,2011-09-13
0.002,0.5,0.001,545959,355,19900,95,0,-1,-1,356,200,275,81,0,-1,-1,426,5722,1175,893,1425,729,153,-1,-1,2219,12325,2011-09-13
0.002,0.5,0.002,545959,355,19900,95,0,-1,-1,356,200,275,81,0,-1,-1,426,5950,1166,895,1430,732,151,-1,-1,2213,12545,2011-09-13
0.002,0.5,0.003,545959,355,19900,95,0,-1,-1,356,200,275,81,0,-1,-1,426,6156,1165,893,1447,743,151,-1,-1,2268,12830,2011-09-13
0.002,0.5,0.004,545959,355,19900,95,0,-1,-1,356,200,275,81,0,-1,-1,426,6803,1177,901,1437,733,152,-1,-1,2207,13417,2011-09-13
0.002,0.5,0.005,545959,355,16110,73,0,-1,-1,356,180,233,63,0,-1,-1,359,5915,1178,898,1245,706,155,-1,-1,2026,12131,2011-09-13
0.002,0.5,0.006,545959,355,7503,50,0,-1,-1,356,123,154,48,0,-1,-1,282,6211,1170,902,1023,559,154,-1,-1,1531,11557,2011-09-13
0.002,0.5,0.007,545959,355,4278,41,0,-1,-1,356,93,117,38,0,-1,-1,233,5927,1162,898,892,510,152,-1,-1,1156,10704,2011-09-13
0.002,0.5,0.008,545959,355,3160,30,0,-1,-1,356,80,98,26,0,-1,-1,193,6000,1162,887,657,652,153,-1,-1,1041,10559,2011-09-13
0.002,0.5,0.009,545959,355,2016,18,0,-1,-1,356,64,75,15,0,-1,-1,144,5724,1200,892,596,1942,160,-1,-1,910,11431,2011-09-13
0.002,0.5,0.01,545959,355,1485,12,0,-1,-1,356,55,56,9,0,-1,-1,110,5799,1175,891,563,1480,151,-1,-1,798,10863,2011-09-13
0.002,0.5,0.011,545959,355,861,10,0,-1,-1,356,42,43,9,0,-1,-1,88,5955,1175,871,521,1292,152,-1,-1,785,10757,2011-09-13
0.002,0.5,0.012,545959,355,496,10,0,-1,-1,356,32,32,8,0,-1,-1,66,5944,1164,896,501,685,153,-1,-1,604,9954,2011-09-13
0.002,0.5,0.013,545959,355,231,7,0,-1,-1,356,22,22,4,0,-1,-1,41,5889,1174,899,465,642,153,-1,-1,1036,10263,2011-09-13
0.002,0.5,0.014,545959,355,153,6,0,-1,-1,356,18,19,3,0,-1,-1,34,5764,1167,895,457,624,151,-1,-1,840,9904,2011-09-13
0.002,0.5,0.015,545959,355,78,4,0,-1,-1,356,13,14,1,0,-1,-1,22,5928,1174,899,460,599,152,-1,-1,659,9877,2011-09-13
0.002,0.5,0.016,545959,355,78,4,0,-1,-1,356,13,14,1,0,-1,-1,22,5439,1178,902,462,596,152,-1,-1,661,9396,2011-09-13
0.002,0.5,0.017,545959,355,66,4,0,-1,-1,356,12,14,1,0,-1,-1,21,5439,1180,882,443,596,152,-1,-1,665,9365,2011-09-13
0.002,0.5,0.018,545959,355,55,3,0,-1,-1,356,11,12,1,0,-1,-1,18,6153,1171,896,444,730,152,-1,-1,629,10182,2011-09-13
0.002,0.5,0.019,545959,355,55,3,0,-1,-1,356,11,12,1,0,-1,-1,18,6054,1173,891,448,722,152,-1,-1,638,10085,2011-09-13
0.002,0.5,0.02,545959,355,55,3,0,-1,-1,356,11,11,1,0,-1,-1,17,6192,1172,892,443,584,152,-1,-1,599,10041,2011-09-13
0.002,0.5,0.03,545959,355,28,1,-1,-1,-1,356,8,8,0,-1,-1,-1,10,5863,1175,898,455,565,-1,-1,-1,521,9485,2011-09-13
0.002,0.5,0.07,545959,355,15,0,-1,-1,-1,356,6,3,0,-1,-1,-1,6,5835,1164,890,438,331,-1,-1,-1,447,9112,2011-09-13
0.002,0.5,0.1,545959,355,6,0,-1,-1,-1,356,4,3,0,-1,-1,-1,5,6092,1171,902,425,332,-1,-1,-1,425,9354,2011-09-13
0.002,0.5,0.2,545959,355,1,-1,-1,-1,-1,356,2,0,-1,-1,-1,-1,2,6224,1167,901,404,-1,-1,-1,-1,633,9336,2011-09-13
0.002,0.5,0.4,545959,355,0,-1,-1,-1,-1,356,1,0,-1,-1,-1,-1,1,5695,1173,901,152,-1,-1,-1,-1,525,8453,2011-09-13
0.002,0.5,0.7,545959,355,-1,-1,-1,-1,-1,356,0,-1,-1,-1,-1,-1,0,6502,1156,888,-1,-1,-1,-1,-1,152,8703,2011-09-13
0.002,0.1,0.008,545959,355,3160,30,0,-1,-1,356,80,98,26,0,-1,-1,203,5634,1165,896,657,649,152,-1,-1,1041,10201,2011-09-13
0.002,0.2,0.008,545959,355,3160,30,0,-1,-1,356,80,98,26,0,-1,-1,203,6120,1172,902,666,649,152,-1,-1,1041,10709,2011-09-13
0.002,0.3,0.008,545959,355,3160,30,0,-1,-1,356,80,98,26,0,-1,-1,202,6411,1170,888,660,650,153,-1,-1,1045,10984,2011-09-13
0.002,0.4,0.008,545959,355,3160,30,0,-1,-1,356,80,98,26,0,-1,-1,199,6198,1162,885,661,652,152,-1,-1,1050,10767,2011-09-13
0.002,0.5,0.008,545959,355,3160,30,0,-1,-1,356,80,98,26,0,-1,-1,193,5891,1167,890,657,651,152,-1,-1,1042,10456,2011-09-13
0.002,0.6,0.008,545959,355,3160,30,0,-1,-1,356,80,98,26,0,-1,-1,180,5959,1167,896,655,651,153,-1,-1,1045,10533,2011-09-13
0.002,0.7,0.008,545959,355,3160,30,0,-1,-1,356,80,98,26,0,-1,-1,170,5612,1164,889,656,651,152,-1,-1,1041,10172,2011-09-13
0.002,0.8,0.008,545959,355,3160,30,0,-1,-1,356,80,98,26,0,-1,-1,129,5651,1166,890,658,651,152,-1,-1,1040,10213,2011-09-13
0.002,0.9,0.008,545959,355,3160,30,0,-1,-1,356,80,98,26,0,-1,-1,84,6066,1187,867,658,651,152,-1,-1,1040,10628,2011-09-13
0.002,1,0.008,545959,355,3160,30,0,-1,-1,356,80,98,26,0,-1,-1,0,5978,1166,888,659,650,152,-1,-1,1040,10539,2011-09-13
0.002,0.1,0.008,545959,355,3160,30,0,-1,-1,356,80,98,26,0,-1,-1,203,5611,1157,910,670,653,153,-1,-1,1048,10208,2011-09-13
0.002,0.2,0.008,545959,355,3160,30,0,-1,-1,356,80,98,26,0,-1,-1,203,5976,1166,891,657,650,152,-1,-1,1042,10541,2011-09-13
0.002,0.3,0.008,545959,355,3160,30,0,-1,-1,356,80,98,26,0,-1,-1,202,5871,1166,909,667,651,152,-1,-1,1038,10461,2011-09-13
0.002,0.4,0.008,545959,355,3160,30,0,-1,-1,356,80,98,26,0,-1,-1,199,5918,1172,898,670,654,153,-1,-1,1041,10512,2011-09-13
0.002,0.5,0.008,545959,355,3160,30,0,-1,-1,356,80,98,26,0,-1,-1,193,5776,1175,903,664,653,152,-1,-1,1047,10377,2011-09-13
0.002,0.6,0.008,545959,355,3160,30,0,-1,-1,356,80,98,26,0,-1,-1,180,6006,1169,895,658,646,153,-1,-1,1038,10572,2011-09-13
0.002,0.7,0.008,545959,355,3160,30,0,-1,-1,356,80,98,26,0,-1,-1,170,6178,1166,895,657,652,152,-1,-1,1042,10749,2011-09-13
0.002,0.8,0.008,545959,355,3160,30,0,-1,-1,356,80,98,26,0,-1,-1,129,5733,1170,893,658,648,152,-1,-1,1042,10303,2011-09-13
0.002,0.9,0.008,545959,355,3160,30,0,-1,-1,356,80,98,26,0,-1,-1,84,5818,1170,892,658,649,152,-1,-1,1042,10388,2011-09-13
0.002,1,0.008,545959,355,3160,30,0,-1,-1,356,80,98,26,0,-1,-1,0,5783,1167,886,657,647,153,-1,-1,1041,10339,2011-09-13
0.002,0.1,0.008,545959,355,3160,30,0,-1,-1,356,80,98,26,0,-1,-1,203,5966,1182,891,661,651,153,-1,-1,1062,10572,2011-09-13
0.002,0.2,0.008,545959,355,3160,30,0,-1,-1,356,80,98,26,0,-1,-1,203,5578,1173,886,658,650,153,-1,-1,1040,10144,2011-09-13
0.002,0.3,0.008,545959,355,3160,30,0,-1,-1,356,80,98,26,0,-1,-1,202,5667,1158,897,657,652,152,-1,-1,1035,10226,2011-09-13
0.002,0.4,0.008,545959,355,3160,30,0,-1,-1,356,80,98,26,0,-1,-1,199,5931,1174,895,659,650,153,-1,-1,1043,10511,2011-09-13
0.002,0.5,0.008,545959,355,3160,30,0,-1,-1,356,80,98,26,0,-1,-1,193,5932,1163,890,659,650,152,-1,-1,1037,10490,2011-09-13
0.002,0.6,0.008,545959,355,3160,30,0,-1,-1,356,80,98,26,0,-1,-1,180,5866,1167,895,658,650,152,-1,-1,1041,10436,2011-09-13
0.002,0.7,0.008,545959,355,3160,30,0,-1,-1,356,80,98,26,0,-1,-1,170,5745,1159,889,660,650,153,-1,-1,1040,10302,2011-09-13
0.002,0.8,0.008,545959,355,3160,30,0,-1,-1,356,80,98,26,0,-1,-1,129,5583,1160,900,668,650,152,-1,-1,1040,10159,2011-09-13
0.002,0.9,0.008,545959,355,3160,30,0,-1,-1,356,80,98,26,0,-1,-1,84,5969,1159,889,657,652,153,-1,-1,1041,10526,2011-09-13
0.002,1,0.008,545959,355,3160,30,0,-1,-1,356,80,98,26,0,-1,-1,0,6234,1171,896,661,651,152,-1,-1,1043,10812,2011-09-13
0.002,0.1,0.008,545959,355,3160,30,0,-1,-1,356,80,98,26,0,-1,-1,203,6375,1170,902,665,650,152,-1,-1,1038,10958,2011-09-13
0.002,0.2,0.008,545959,355,3160,30,0,-1,-1,356,80,98,26,0,-1,-1,203,6118,1173,889,658,653,153,-1,-1,1040,10691,2011-09-13
0.002,0.3,0.008,545959,355,3160,30,0,-1,-1,356,80,98,26,0,-1,-1,202,6261,1172,893,658,650,153,-1,-1,1039,10833,2011-09-13
0.002,0.4,0.008,545959,355,3160,30,0,-1,-1,356,80,98,26,0,-1,-1,199,6559,1175,899,665,652,152,-1,-1,1038,11146,2011-09-13
0.002,0.5,0.008,545959,355,3160,30,0,-1,-1,356,80,98,26,0,-1,-1,193,5415,1176,905,665,652,151,-1,-1,1041,10012,2011-09-13
0.002,0.6,0.008,545959,355,3160,30,0,-1,-1,356,80,98,26,0,-1,-1,180,5953,1165,897,658,653,152,-1,-1,1047,10532,2011-09-13
0.002,0.7,0.008,545959,355,3160,30,0,-1,-1,356,80,98,26,0,-1,-1,170,6726,1170,871,658,651,152,-1,-1,1042,11277,2011-09-13
0.002,0.8,0.008,545959,355,3160,30,0,-1,-1,356,80,98,26,0,-1,-1,129,6574,1171,896,672,651,152,-1,-1,1039,11159,2011-09-13
0.002,0.9,0.008,545959,355,3160,30,0,-1,-1,356,80,98,26,0,-1,-1,84,6063,1167,887,658,652,152,-1,-1,1039,10624,2011-09-13
0.002,1,0.008,545959,355,3160,30,0,-1,-1,356,80,98,26,0,-1,-1,0,5761,1173,893,657,652,153,-1,-1,1045,10339,2011-09-13
0.002,0.1,0.008,545959,355,3160,30,0,-1,-1,356,80,98,26,0,-1,-1,203,6125,1169,889,656,652,152,-1,-1,1041,10691,2011-09-13
0.002,0.2,0.008,545959,355,3160,30,0,-1,-1,356,80,98,26,0,-1,-1,203,5616,1183,889,660,653,152,-1,-1,1043,10204,2011-09-13
0.002,0.3,0.008,545959,355,3160,30,0,-1,-1,356,80,98,26,0,-1,-1,202,5386,1170,902,667,649,161,-1,-1,1039,9981,2011-09-13
0.002,0.4,0.008,545959,355,3160,30,0,-1,-1,356,80,98,26,0,-1,-1,199,6077,1172,872,663,649,153,-1,-1,1046,10638,2011-09-13
0.002,0.5,0.008,545959,355,3160,30,0,-1,-1,356,80,98,26,0,-1,-1,193,5512,1168,901,671,655,152,-1,-1,1040,10105,2011-09-13
0.002,0.6,0.008,545959,355,3160,30,0,-1,-1,356,80,98,26,0,-1,-1,180,5873,1169,903,678,648,152,-1,-1,1056,10485,2011-09-13
0.002,0.7,0.008,545959,355,3160,30,0,-1,-1,356,80,98,26,0,-1,-1,170,6079,1159,897,664,650,153,-1,-1,1039,10647,2011-09-13
0.002,0.8,0.008,545959,355,3160,30,0,-1,-1,356,80,98,26,0,-1,-1,129,6122,1161,901,671,653,151,-1,-1,1043,10708,2011-09-13
0.002,0.9,0.008,545959,355,3160,30,0,-1,-1,356,80,98,26,0,-1,-1,84,5328,1166,900,667,654,152,-1,-1,1050,9925,2011-09-13
0.002,1,0.008,545959,355,3160,30,0,-1,-1,356,80,98,26,0,-1,-1,0,6025,1175,889,658,650,153,-1,-1,1039,10595,2011-09-13
0.002,0.1,0.008,545959,355,3160,30,0,-1,-1,356,80,98,26,0,-1,-1,203,6075,1171,892,663,654,152,-1,-1,1038,10651,2011-09-13
0.002,0.2,0.008,545959,355,3160,30,0,-1,-1,356,80,98,26,0,-1,-1,203,5895,1166,886,654,651,152,-1,-1,1038,10449,2011-09-13
0.002,0.3,0.008,545959,355,3160,30,0,-1,-1,356,80,98,26,0,-1,-1,202,6022,1175,897,667,653,153,-1,-1,1043,10616,2011-09-13
0.002,0.4,0.008,545959,355,3160,30,0,-1,-1,356,80,98,26,0,-1,-1,199,5330,1155,897,657,649,153,-1,-1,1040,9888,2011-09-13
0.002,0.5,0.008,545959,355,3160,30,0,-1,-1,356,80,98,26,0,-1,-1,193,5869,1167,886,659,650,152,-1,-1,1043,10433,2011-09-13
0.002,0.6,0.008,545959,355,3160,30,0,-1,-1,356,80,98,26,0,-1,-1,180,5867,1171,893,653,649,151,-1,-1,1041,10431,2011-09-13
0.002,0.7,0.008,545959,355,3160,30,0,-1,-1,356,80,98,26,0,-1,-1,170,5679,1171,885,658,655,152,-1,-1,1041,10249,2011-09-13
0.002,0.8,0.008,545959,355,3160,30,0,-1,-1,356,80,98,26,0,-1,-1,129,5793,1175,875,657,653,152,-1,-1,1040,10351,2011-09-13
0.002,0.9,0.008,545959,355,3160,30,0,-1,-1,356,80,98,26,0,-1,-1,84,6250,1162,888,657,651,152,-1,-1,1044,10812,2011-09-13
0.002,1,0.008,545959,355,3160,30,0,-1,-1,356,80,98,26,0,-1,-1,0,5977,1162,898,659,652,152,-1,-1,1045,10550,2011-09-13
0.002,0.1,0.008,545959,355,3160,30,0,-1,-1,356,80,98,26,0,-1,-1,203,6029,1161,898,664,651,153,-1,-1,1036,10597,2011-09-13
0.002,0.2,0.008,545959,355,3160,30,0,-1,-1,356,80,98,26,0,-1,-1,203,5598,1172,890,660,655,152,-1,-1,1040,10174,2011-09-13
0.002,0.3,0.008,545959,355,3160,30,0,-1,-1,356,80,98,26,0,-1,-1,202,5888,1161,900,657,652,153,-1,-1,1042,10460,2011-09-13
0.002,0.4,0.008,545959,355,3160,30,0,-1,-1,356,80,98,26,0,-1,-1,199,5843,1165,886,661,650,153,-1,-1,1044,10408,2011-09-13
0.002,0.5,0.008,545959,355,3160,30,0,-1,-1,356,80,98,26,0,-1,-1,193,5994,1166,870,657,650,153,-1,-1,1042,10538,2011-09-13
0.002,0.6,0.008,545959,355,3160,30,0,-1,-1,356,80,98,26,0,-1,-1,180,5488,1170,885,657,650,152,-1,-1,1036,10046,2011-09-13
0.002,0.7,0.008,545959,355,3160,30,0,-1,-1,356,80,98,26,0,-1,-1,170,5947,1178,896,660,653,153,-1,-1,1042,10536,2011-09-13
0.002,0.8,0.008,545959,355,3160,30,0,-1,-1,356,80,98,26,0,-1,-1,129,5609,1168,890,657,653,152,-1,-1,1041,10177,2011-09-13
0.002,0.9,0.008,545959,355,3160,30,0,-1,-1,356,80,98,26,0,-1,-1,84,6041,1180,868,659,651,153,-1,-1,1051,10609,2011-09-13
0.002,1,0.008,545959,355,3160,30,0,-1,-1,356,80,98,26,0,-1,-1,0,5711,1167,873,657,649,152,-1,-1,1040,10254,2011-09-13
0.002,0.1,0.008,545959,355,3160,30,0,-1,-1,356,80,98,26,0,-1,-1,203,5838,1164,887,656,652,153,-1,-1,1041,10397,2011-09-13
0.002,0.2,0.008,545959,355,3160,30,0,-1,-1,356,80,98,26,0,-1,-1,203,5874,1168,895,661,653,152,-1,-1,1049,10460,2011-09-13
0.002,0.3,0.008,545959,355,3160,30,0,-1,-1,356,80,98,26,0,-1,-1,202,5966,1191,894,661,650,153,-1,-1,1048,10570,2011-09-13
0.002,0.4,0.008,545959,355,3160,30,0,-1,-1,356,80,98,26,0,-1,-1,199,5794,1168,898,659,651,152,-1,-1,1041,10370,2011-09-13
0.002,0.5,0.008,545959,355,3160,30,0,-1,-1,356,80,98,26,0,-1,-1,193,6115,1166,885,655,649,152,-1,-1,1037,10666,2011-09-13
0.002,0.6,0.008,545959,355,3160,30,0,-1,-1,356,80,98,26,0,-1,-1,180,5793,1159,893,656,650,152,-1,-1,1045,10354,2011-09-13
0.002,0.7,0.008,545959,355,3160,30,0,-1,-1,356,80,98,26,0,-1,-1,170,6199,1182,896,668,651,152,-1,-1,1039,10794,2011-09-13
0.002,0.8,0.008,545959,355,3160,30,0,-1,-1,356,80,98,26,0,-1,-1,129,6689,1165,898,666,649,152,-1,-1,1038,11264,2011-09-13
0.002,0.9,0.008,545959,355,3160,30,0,-1,-1,356,80,98,26,0,-1,-1,84,5553,1167,899,667,651,153,-1,-1,1039,10134,2011-09-13
0.002,1,0.008,545959,355,3160,30,0,-1,-1,356,80,98,26,0,-1,-1,0,5848,1173,885,664,653,152,-1,-1,1037,10417,2011-09-13
0.002,0.1,0.008,545959,355,3160,30,0,-1,-1,356,80,98,26,0,-1,-1,203,5772,1171,902,667,651,153,-1,-1,1043,10365,2011-09-13
0.002,0.2,0.008,545959,355,3160,30,0,-1,-1,356,80,98,26,0,-1,-1,203,6031,1161,887,659,652,152,-1,-1,1039,10588,2011-09-13
0.002,0.3,0.008,545959,355,3160,30,0,-1,-1,356,80,98,26,0,-1,-1,202,5662,1167,893,656,649,152,-1,-1,1038,10223,2011-09-13
0.002,0.4,0.008,545959,355,3160,30,0,-1,-1,356,80,98,26,0,-1,-1,199,5593,1157,886,656,653,152,-1,-1,1038,10141,2011-09-13
0.002,0.5,0.008,545959,355,3160,30,0,-1,-1,356,80,98,26,0,-1,-1,193,5820,1166,900,667,649,152,-1,-1,1038,10399,2011-09-13
0.002,0.6,0.008,545959,355,3160,30,0,-1,-1,356,80,98,26,0,-1,-1,180,5899,1170,895,657,653,152,-1,-1,1038,10472,2011-09-13
0.002,0.7,0.008,545959,355,3160,30,0,-1,-1,356,80,98,26,0,-1,-1,170,6841,1158,887,656,648,152,-1,-1,1042,11390,2011-09-13
0.002,0.8,0.008,545959,355,3160,30,0,-1,-1,356,80,98,26,0,-1,-1,129,5676,1171,898,666,650,152,-1,-1,1039,10260,2011-09-13
0.002,0.9,0.008,545959,355,3160,30,0,-1,-1,356,80,98,26,0,-1,-1,84,5901,1158,887,654,649,153,-1,-1,1035,10443,2011-09-13
0.002,1,0.008,545959,355,3160,30,0,-1,-1,356,80,98,26,0,-1,-1,0,5832,1168,898,667,652,153,-1,-1,1036,10410,2011-09-13
0.002,0.1,0.008,545959,355,3160,30,0,-1,-1,356,80,98,26,0,-1,-1,203,5750,1170,897,658,649,153,-1,-1,1043,10327,2011-09-13
0.002,0.2,0.008,545959,355,3160,30,0,-1,-1,356,80,98,26,0,-1,-1,203,6139,1170,920,656,651,152,-1,-1,1056,10750,2011-09-13
0.002,0.3,0.008,545959,355,3160,30,0,-1,-1,356,80,98,26,0,-1,-1,202,5927,1164,895,658,648,152,-1,-1,1039,10489,2011-09-13
0.002,0.4,0.008,545959,355,3160,30,0,-1,-1,356,80,98,26,0,-1,-1,199,5879,1176,896,660,652,153,-1,-1,1045,10467,2011-09-13
0.002,0.5,0.008,545959,355,3160,30,0,-1,-1,356,80,98,26,0,-1,-1,193,6185,1178,891,659,651,153,-1,-1,1043,10767,2011-09-13
0.002,0.6,0.008,545959,355,3160,30,0,-1,-1,356,80,98,26,0,-1,-1,180,6135,1169,901,671,651,153,-1,-1,1067,10754,2011-09-13
0.002,0.7,0.008,545959,355,3160,30,0,-1,-1,356,80,98,26,0,-1,-1,170,5760,1171,906,657,648,153,-1,-1,1041,10343,2011-09-13
0.002,0.8,0.008,545959,355,3160,30,0,-1,-1,356,80,98,26,0,-1,-1,129,5866,1165,896,661,654,152,-1,-1,1050,10450,2011-09-13
0.002,0.9,0.008,545959,355,3160,30,0,-1,-1,356,80,98,26,0,-1,-1,84,5510,1169,886,657,652,153,-1,-1,1049,10083,2011-09-13
0.002,1,0.008,545959,355,3160,30,0,-1,-1,356,80,98,26,0,-1,-1,0,5719,1169,905,661,651,153,-1,-1,1046,10310,2011-09-13
0.002,0.1,0.005,545959,355,16110,73,0,-1,-1,356,180,233,63,0,-1,-1,476,6044,1173,902,1244,703,152,-1,-1,2053,12279,2011-09-13
0.002,0.2,0.005,545959,355,16110,73,0,-1,-1,356,180,233,63,0,-1,-1,476,6448,1174,896,1239,703,154,-1,-1,2022,12643,2011-09-13
0.002,0.3,0.005,545959,355,16110,73,0,-1,-1,356,180,233,63,0,-1,-1,464,5988,1178,899,1256,707,155,-1,-1,2029,12220,2011-09-13
0.002,0.4,0.005,545959,355,16110,73,0,-1,-1,356,180,233,63,0,-1,-1,428,6159,1173,893,1244,702,152,-1,-1,2029,12360,2011-09-13
0.002,0.5,0.005,545959,355,16110,73,0,-1,-1,356,180,233,63,0,-1,-1,359,6225,1170,886,1238,702,154,-1,-1,2025,12408,2011-09-13
0.002,0.6,0.005,545959,355,16110,73,0,-1,-1,356,180,233,63,0,-1,-1,333,5971,1161,903,1247,704,152,-1,-1,2032,12178,2011-09-13
0.002,0.7,0.005,545959,355,16110,73,0,-1,-1,356,180,233,63,0,-1,-1,304,6242,1175,898,1251,703,153,-1,-1,2028,12457,2011-09-13
0.002,0.8,0.005,545959,355,16110,73,0,-1,-1,356,180,233,63,0,-1,-1,218,6156,1166,897,1243,701,154,-1,-1,2026,12351,2011-09-13
0.002,0.9,0.005,545959,355,16110,73,0,-1,-1,356,180,233,63,0,-1,-1,122,6016,1158,901,1241,699,152,-1,-1,2029,12203,2011-09-13
0.002,1,0.005,545959,355,16110,73,0,-1,-1,356,180,233,63,0,-1,-1,0,5295,1170,888,1239,701,152,-1,-1,2021,11471,2011-09-13
0.002,0.1,0.005,545959,355,16110,73,0,-1,-1,356,180,233,63,0,-1,-1,476,5764,1173,896,1245,703,154,-1,-1,2025,11966,2011-09-13
0.002,0.2,0.005,545959,355,16110,73,0,-1,-1,356,180,233,63,0,-1,-1,476,5284,1166,900,1255,701,152,-1,-1,2026,11491,2011-09-13
0.002,0.3,0.005,545959,355,16110,73,0,-1,-1,356,180,233,63,0,-1,-1,464,6280,1162,880,1241,700,152,-1,-1,2034,12456,2011-09-13
0.002,0.4,0.005,545959,355,16110,73,0,-1,-1,356,180,233,63,0,-1,-1,428,6255,1176,903,1244,703,153,-1,-1,2022,12463,2011-09-13
0.002,0.5,0.005,545959,355,16110,73,0,-1,-1,356,180,233,63,0,-1,-1,359,6586,1172,877,1242,707,153,-1,-1,2024,12769,2011-09-13
0.002,0.6,0.005,545959,355,16110,73,0,-1,-1,356,180,233,63,0,-1,-1,333,5952,1177,902,1240,701,153,-1,-1,2030,12164,2011-09-13
0.002,0.7,0.005,545959,355,16110,73,0,-1,-1,356,180,233,63,0,-1,-1,304,5258,1157,889,1233,695,152,-1,-1,2020,11413,2011-09-13
0.002,0.8,0.005,545959,355,16110,73,0,-1,-1,356,180,233,63,0,-1,-1,218,6295,1176,890,1246,700,153,-1,-1,2031,12499,2011-09-13
0.002,0.9,0.005,545959,355,16110,73,0,-1,-1,356,180,233,63,0,-1,-1,122,5884,1174,874,1252,705,152,-1,-1,2031,12079,2011-09-13
0.002,1,0.005,545959,355,16110,73,0,-1,-1,356,180,233,63,0,-1,-1,0,5764,1167,903,1244,701,152,-1,-1,2023,11960,2011-09-13
0.002,0.1,0.005,545959,355,16110,73,0,-1,-1,356,180,233,63,0,-1,-1,476,6324,1166,890,1240,702,153,-1,-1,2023,12506,2011-09-13
0.002,0.2,0.005,545959,355,16110,73,0,-1,-1,356,180,233,63,0,-1,-1,476,6057,1172,892,1238,698,153,-1,-1,2027,12244,2011-09-13
0.002,0.3,0.005,545959,355,16110,73,0,-1,-1,356,180,233,63,0,-1,-1,464,5345,1165,922,1239,702,154,-1,-1,2028,11563,2011-09-13
0.002,0.4,0.005,545959,355,16110,73,0,-1,-1,356,180,233,63,0,-1,-1,428,5964,1198,899,1240,702,155,-1,-1,2031,12196,2011-09-13
0.002,0.5,0.005,545959,355,16110,73,0,-1,-1,356,180,233,63,0,-1,-1,359,5550,1164,898,1253,700,153,-1,-1,2020,11745,2011-09-13
0.002,0.6,0.005,545959,355,16110,73,0,-1,-1,356,180,233,63,0,-1,-1,333,5636,1173,890,1247,699,153,-1,-1,2034,11839,2011-09-13
0.002,0.7,0.005,545959,355,16110,73,0,-1,-1,356,180,233,63,0,-1,-1,304,6230,1168,904,1240,702,152,-1,-1,2026,12429,2011-09-13
0.002,0.8,0.005,545959,355,16110,73,0,-1,-1,356,180,233,63,0,-1,-1,218,6188,1171,894,1256,703,152,-1,-1,2031,12403,2011-09-13
0.002,0.9,0.005,545959,355,16110,73,0,-1,-1,356,180,233,63,0,-1,-1,122,5819,1165,899,1247,703,153,-1,-1,2027,12020,2011-09-13
0.002,1,0.005,545959,355,16110,73,0,-1,-1,356,180,233,63,0,-1,-1,0,6331,1180,896,1244,700,151,-1,-1,2027,12535,2011-09-13
0.002,0.1,0.005,545959,355,16110,73,0,-1,-1,356,180,233,63,0,-1,-1,476,5938,1179,900,1249,703,153,-1,-1,2029,12158,2011-09-13
0.002,0.2,0.005,545959,355,16110,73,0,-1,-1,356,180,233,63,0,-1,-1,476,5544,1168,895,1245,703,152,-1,-1,2028,11742,2011-09-13
0.002,0.3,0.005,545959,355,16110,73,0,-1,-1,356,180,233,63,0,-1,-1,464,5968,1193,890,1242,702,153,-1,-1,2022,12176,2011-09-13
0.002,0.4,0.005,545959,355,16110,73,0,-1,-1,356,180,233,63,0,-1,-1,428,6143,1171,877,1242,703,153,-1,-1,2024,12321,2011-09-13
0.002,0.5,0.005,545959,355,16110,73,0,-1,-1,356,180,233,63,0,-1,-1,359,5329,1172,904,1253,701,153,-1,-1,2028,11549,2011-09-13
0.002,0.6,0.005,545959,355,16110,73,0,-1,-1,356,180,233,63,0,-1,-1,333,5955,1166,900,1252,704,153,-1,-1,2030,12168,2011-09-13
0.002,0.7,0.005,545959,355,16110,73,0,-1,-1,356,180,233,63,0,-1,-1,304,6408,1171,897,1251,699,154,-1,-1,2018,12604,2011-09-13
0.002,0.8,0.005,545959,355,16110,73,0,-1,-1,356,180,233,63,0,-1,-1,218,5787,1166,899,1249,707,153,-1,-1,2030,11999,2011-09-13
0.002,0.9,0.005,545959,355,16110,73,0,-1,-1,356,180,233,63,0,-1,-1,122,5705,1166,903,1249,702,153,-1,-1,2022,11907,2011-09-13
0.002,1,0.005,545959,355,16110,73,0,-1,-1,356,180,233,63,0,-1,-1,0,5799,1173,871,1238,701,153,-1,-1,2021,11962,2011-09-13
0.002,0.1,0.005,545959,355,16110,73,0,-1,-1,356,180,233,63,0,-1,-1,476,6276,1168,901,1252,705,153,-1,-1,2031,12493,2011-09-13
0.002,0.2,0.005,545959,355,16110,73,0,-1,-1,356,180,233,63,0,-1,-1,476,5807,1165,900,1242,704,152,-1,-1,2023,12000,2011-09-13
0.002,0.3,0.005,545959,355,16110,73,0,-1,-1,356,180,233,63,0,-1,-1,464,6050,1167,891,1243,697,152,-1,-1,2022,12230,2011-09-13
0.002,0.4,0.005,545959,355,16110,73,0,-1,-1,356,180,233,63,0,-1,-1,428,6333,1175,892,1242,701,153,-1,-1,2027,12530,2011-09-13
0.002,0.5,0.005,545959,355,16110,73,0,-1,-1,356,180,233,63,0,-1,-1,359,5599,1161,895,1235,698,152,-1,-1,2019,11766,2011-09-13
0.002,0.6,0.005,545959,355,16110,73,0,-1,-1,356,180,233,63,0,-1,-1,333,6554,1172,897,1251,702,154,-1,-1,2034,12772,2011-09-13
0.002,0.7,0.005,545959,355,16110,73,0,-1,-1,356,180,233,63,0,-1,-1,304,6801,1171,898,1243,699,153,-1,-1,2016,12989,2011-09-13
0.002,0.8,0.005,545959,355,16110,73,0,-1,-1,356,180,233,63,0,-1,-1,218,5814,1163,934,1241,699,154,-1,-1,2023,12035,2011-09-13
0.002,0.9,0.005,545959,355,16110,73,0,-1,-1,356,180,233,63,0,-1,-1,122,5493,1158,895,1241,702,152,-1,-1,2048,11696,2011-09-13
0.002,1,0.005,545959,355,16110,73,0,-1,-1,356,180,233,63,0,-1,-1,0,6787,1156,900,1248,702,153,-1,-1,2020,12971,2011-09-13
0.002,0.1,0.005,545959,355,16110,73,0,-1,-1,356,180,233,63,0,-1,-1,476,6167,1160,899,1257,701,153,-1,-1,2024,12370,2011-09-13
0.002,0.2,0.005,545959,355,16110,73,0,-1,-1,356,180,233,63,0,-1,-1,476,5982,1170,894,1243,703,154,-1,-1,2016,12170,2011-09-13
0.002,0.3,0.005,545959,355,16110,73,0,-1,-1,356,180,233,63,0,-1,-1,464,6528,1159,901,1250,704,155,-1,-1,2028,12732,2011-09-13
0.002,0.4,0.005,545959,355,16110,73,0,-1,-1,356,180,233,63,0,-1,-1,428,6287,1162,891,1243,705,153,-1,-1,2031,12480,2011-09-13
0.002,0.5,0.005,545959,355,16110,73,0,-1,-1,356,180,233,63,0,-1,-1,359,5732,1169,898,1251,706,154,-1,-1,2026,11944,2011-09-13
0.002,0.6,0.005,545959,355,16110,73,0,-1,-1,356,180,233,63,0,-1,-1,333,6549,1171,875,1244,700,153,-1,-1,2027,12726,2011-09-13
0.002,0.7,0.005,545959,355,16110,73,0,-1,-1,356,180,233,63,0,-1,-1,304,6275,1170,885,1240,704,154,-1,-1,2035,12471,2011-09-13
0.002,0.8,0.005,545959,355,16110,73,0,-1,-1,356,180,233,63,0,-1,-1,218,5987,1170,892,1240,705,153,-1,-1,2016,12169,2011-09-13
0.002,0.9,0.005,545959,355,16110,73,0,-1,-1,356,180,233,63,0,-1,-1,122,6099,1171,884,1236,701,152,-1,-1,2021,12272,2011-09-13
0.002,1,0.005,545959,355,16110,73,0,-1,-1,356,180,233,63,0,-1,-1,0,5572,1167,897,1253,703,154,-1,-1,2020,11772,2011-09-13
0.002,0.1,0.005,545959,355,16110,73,0,-1,-1,356,180,233,63,0,-1,-1,476,6103,1170,899,1240,703,155,-1,-1,2020,12297,2011-09-13
0.002,0.2,0.005,545959,355,16110,73,0,-1,-1,356,180,233,63,0,-1,-1,476,6349,1163,900,1252,702,153,-1,-1,2019,12547,2011-09-13
0.002,0.3,0.005,545959,355,16110,73,0,-1,-1,356,180,233,63,0,-1,-1,464,6307,1163,875,1244,700,154,-1,-1,2026,12476,2011-09-13
0.002,0.4,0.005,545959,355,16110,73,0,-1,-1,356,180,233,63,0,-1,-1,428,6104,1163,891,1239,702,153,-1,-1,2023,12282,2011-09-13
0.002,0.5,0.005,545959,355,16110,73,0,-1,-1,356,180,233,63,0,-1,-1,359,5858,1168,903,1254,702,153,-1,-1,2028,12073,2011-09-13
0.002,0.6,0.005,545959,355,16110,73,0,-1,-1,356,180,233,63,0,-1,-1,333,6141,1172,895,1242,701,154,-1,-1,2037,12348,2011-09-13
0.002,0.7,0.005,545959,355,16110,73,0,-1,-1,356,180,233,63,0,-1,-1,304,5882,1160,897,1251,699,153,-1,-1,2025,12074,2011-09-13
0.002,0.8,0.005,545959,355,16110,73,0,-1,-1,356,180,233,63,0,-1,-1,218,5701,1170,902,1250,707,154,-1,-1,2024,11917,2011-09-13
0.002,0.9,0.005,545959,355,16110,73,0,-1,-1,356,180,233,63,0,-1,-1,122,6179,1179,900,1246,704,153,-1,-1,2025,12393,2011-09-13
0.002,1,0.005,545959,355,16110,73,0,-1,-1,356,180,233,63,0,-1,-1,0,5665,1165,902,1253,700,152,-1,-1,2020,11863,2011-09-13
0.002,0.1,0.005,545959,355,16110,73,0,-1,-1,356,180,233,63,0,-1,-1,476,6198,1164,893,1239,703,154,-1,-1,2026,12385,2011-09-13
0.002,0.2,0.005,545959,355,16110,73,0,-1,-1,356,180,233,63,0,-1,-1,476,5604,1162,895,1247,702,153,-1,-1,2028,11799,2011-09-13
0.002,0.3,0.005,545959,355,16110,73,0,-1,-1,356,180,233,63,0,-1,-1,464,5693,1157,892,1236,700,152,-1,-1,2024,11860,2011-09-13
0.002,0.4,0.005,545959,355,16110,73,0,-1,-1,356,180,233,63,0,-1,-1,428,5764,1161,910,1249,702,153,-1,-1,2020,11967,2011-09-13
0.002,0.5,0.005,545959,355,16110,73,0,-1,-1,356,180,233,63,0,-1,-1,359,5865,1177,878,1244,703,153,-1,-1,2028,12054,2011-09-13
0.002,0.6,0.005,545959,355,16110,73,0,-1,-1,356,180,233,63,0,-1,-1,333,6667,1174,903,1251,697,152,-1,-1,2027,12879,2011-09-13
0.002,0.7,0.005,545959,355,16110,73,0,-1,-1,356,180,233,63,0,-1,-1,304,6166,1180,900,1245,703,153,-1,-1,2022,12377,2011-09-13
0.002,0.8,0.005,545959,355,16110,73,0,-1,-1,356,180,233,63,0,-1,-1,218,6177,1159,902,1248,696,153,-1,-1,2016,12357,2011-09-13
0.002,0.9,0.005,545959,355,16110,73,0,-1,-1,356,180,233,63,0,-1,-1,122,5986,1171,903,1248,703,153,-1,-1,2034,12204,2011-09-13
0.002,1,0.005,545959,355,16110,73,0,-1,-1,356,180,233,63,0,-1,-1,0,5263,1171,897,1241,703,153,-1,-1,2027,11460,2011-09-13
0.002,0.1,0.005,545959,355,16110,73,0,-1,-1,356,180,233,63,0,-1,-1,476,5827,1169,895,1242,702,154,-1,-1,2025,12022,2011-09-13
0.002,0.2,0.005,545959,355,16110,73,0,-1,-1,356,180,233,63,0,-1,-1,476,6155,1158,899,1245,699,154,-1,-1,2021,12339,2011-09-13
0.002,0.3,0.005,545959,355,16110,73,0,-1,-1,356,180,233,63,0,-1,-1,464,6360,1180,875,1240,701,153,-1,-1,2020,12536,2011-09-13
0.002,0.4,0.005,545959,355,16110,73,0,-1,-1,356,180,233,63,0,-1,-1,428,5907,1172,895,1241,703,152,-1,-1,2024,12103,2011-09-13
0.002,0.5,0.005,545959,355,16110,73,0,-1,-1,356,180,233,63,0,-1,-1,359,6303,1174,888,1238,697,152,-1,-1,2018,12477,2011-09-13
0.002,0.6,0.005,545959,355,16110,73,0,-1,-1,356,180,233,63,0,-1,-1,333,5996,1172,891,1242,699,153,-1,-1,2029,12190,2011-09-13
0.002,0.7,0.005,545959,355,16110,73,0,-1,-1,356,180,233,63,0,-1,-1,304,6374,1160,903,1258,705,153,-1,-1,2031,12592,2011-09-13
0.002,0.8,0.005,545959,355,16110,73,0,-1,-1,356,180,233,63,0,-1,-1,218,6133,1181,890,1238,699,154,-1,-1,2022,12324,2011-09-13
0.002,0.9,0.005,545959,355,16110,73,0,-1,-1,356,180,233,63,0,-1,-1,122,6016,1169,901,1250,700,153,-1,-1,2030,12226,2011-09-13
0.002,1,0.005,545959,355,16110,73,0,-1,-1,356,180,233,63,0,-1,-1,0,6246,1159,898,1251,700,153,-1,-1,2029,12442,2011-09-13
0.002,0.1,0.005,545959,355,16110,73,0,-1,-1,356,180,233,63,0,-1,-1,476,6058,1172,891,1245,700,155,-1,-1,2022,12250,2011-09-13
0.002,0.2,0.005,545959,355,16110,73,0,-1,-1,356,180,233,63,0,-1,-1,476,6261,1165,873,1242,702,153,-1,-1,2036,12440,2011-09-13
0.002,0.3,0.005,545959,355,16110,73,0,-1,-1,356,180,233,63,0,-1,-1,464,6252,1176,894,1241,702,153,-1,-1,2020,12445,2011-09-13
0.002,0.4,0.005,545959,355,16110,73,0,-1,-1,356,180,233,63,0,-1,-1,428,5773,1168,967,1241,701,152,-1,-1,2023,12033,2011-09-13
0.002,0.5,0.005,545959,355,16110,73,0,-1,-1,356,180,233,63,0,-1,-1,359,6936,1160,893,1240,702,154,-1,-1,2029,13122,2011-09-13
0.002,0.6,0.005,545959,355,16110,73,0,-1,-1,356,180,233,63,0,-1,-1,333,5667,1157,893,1235,695,152,-1,-1,2025,11831,2011-09-13
0.002,0.7,0.005,545959,355,16110,73,0,-1,-1,356,180,233,63,0,-1,-1,304,5971,1178,872,1246,701,153,-1,-1,2027,12155,2011-09-13
0.002,0.8,0.005,545959,355,16110,73,0,-1,-1,356,180,233,63,0,-1,-1,218,6388,1159,870,1243,702,153,-1,-1,2022,12544,2011-09-13
0.002,0.9,0.005,545959,355,16110,73,0,-1,-1,356,180,233,63,0,-1,-1,122,5735,1170,872,1242,702,153,-1,-1,2022,11903,2011-09-13
0.002,1,0.005,545959,355,16110,73,0,-1,-1,356,180,233,63,0,-1,-1,0,5864,1160,894,1244,703,152,-1,-1,2025,12047,2011-09-13
0.001,0.1,0.008,545959,756,3160,30,0,-1,-1,757,80,98,26,0,-1,-1,203,6596,1174,994,832,474,152,-1,-1,1042,11272,2011-09-13
0.001,0.2,0.008,545959,756,3160,30,0,-1,-1,757,80,98,26,0,-1,-1,203,6328,1159,978,834,469,151,-1,-1,1042,10968,2011-09-13
0.001,0.3,0.008,545959,756,3160,30,0,-1,-1,757,80,98,26,0,-1,-1,202,6426,1181,973,833,473,151,-1,-1,1047,11091,2011-09-13
0.001,0.4,0.008,545959,756,3160,30,0,-1,-1,757,80,98,26,0,-1,-1,199,6450,1159,973,829,469,151,-1,-1,1044,11080,2011-09-13
0.001,0.5,0.008,545959,756,3160,30,0,-1,-1,757,80,98,26,0,-1,-1,193,5620,1173,970,835,471,151,-1,-1,1049,10276,2011-09-13
0.001,0.6,0.008,545959,756,3160,30,0,-1,-1,757,80,98,26,0,-1,-1,180,5506,1168,1048,831,468,152,-1,-1,1048,10227,2011-09-13
0.001,0.7,0.008,545959,756,3160,30,0,-1,-1,757,80,98,26,0,-1,-1,170,5529,1178,952,833,473,151,-1,-1,1042,10165,2011-09-13
0.001,0.8,0.008,545959,756,3160,30,0,-1,-1,757,80,98,26,0,-1,-1,129,5822,1157,971,833,474,151,-1,-1,1052,10466,2011-09-13
0.001,0.9,0.008,545959,756,3160,30,0,-1,-1,757,80,98,26,0,-1,-1,84,5950,1167,977,833,470,151,-1,-1,1043,10599,2011-09-13
0.001,1,0.008,545959,756,3160,30,0,-1,-1,757,80,98,26,0,-1,-1,0,5651,1171,984,840,472,151,-1,-1,1048,10323,2011-09-13
0.001,0.1,0.008,545959,756,3160,30,0,-1,-1,757,80,98,26,0,-1,-1,203,5400,1173,969,832,469,152,-1,-1,1052,10054,2011-09-13
0.001,0.2,0.008,545959,756,3160,30,0,-1,-1,757,80,98,26,0,-1,-1,203,6098,1162,980,842,470,151,-1,-1,1042,10752,2011-09-13
0.001,0.3,0.008,545959,756,3160,30,0,-1,-1,757,80,98,26,0,-1,-1,202,5662,1158,983,840,472,151,-1,-1,1042,10314,2011-09-13
0.001,0.4,0.008,545959,756,3160,30,0,-1,-1,757,80,98,26,0,-1,-1,199,6349,1166,969,831,469,151,-1,-1,1042,10984,2011-09-13
0.001,0.5,0.008,545959,756,3160,30,0,-1,-1,757,80,98,26,0,-1,-1,193,5537,1159,986,844,473,152,-1,-1,1052,10210,2011-09-13
0.001,0.6,0.008,545959,756,3160,30,0,-1,-1,757,80,98,26,0,-1,-1,180,5950,1170,975,831,468,151,-1,-1,1038,10589,2011-09-13
0.001,0.7,0.008,545959,756,3160,30,0,-1,-1,757,80,98,26,0,-1,-1,170,5639,1159,989,842,472,152,-1,-1,1048,10307,2011-09-13
0.001,0.8,0.008,545959,756,3160,30,0,-1,-1,757,80,98,26,0,-1,-1,129,6107,1168,975,830,470,151,-1,-1,1041,10749,2011-09-13
0.001,0.9,0.008,545959,756,3160,30,0,-1,-1,757,80,98,26,0,-1,-1,84,5555,1173,972,836,470,151,-1,-1,1051,10214,2011-09-13
0.001,1,0.008,545959,756,3160,30,0,-1,-1,757,80,98,26,0,-1,-1,0,5895,1169,983,843,473,151,-1,-1,1045,10565,2011-09-13
0.001,0.1,0.008,545959,756,3160,30,0,-1,-1,757,80,98,26,0,-1,-1,203,5804,1173,956,832,472,151,-1,-1,1039,10433,2011-09-13
0.001,0.2,0.008,545959,756,3160,30,0,-1,-1,757,80,98,26,0,-1,-1,203,6401,1167,983,834,472,151,-1,-1,1048,11062,2011-09-13
0.001,0.3,0.008,545959,756,3160,30,0,-1,-1,757,80,98,26,0,-1,-1,202,5564,1157,988,845,473,151,-1,-1,1049,10234,2011-09-13
0.001,0.4,0.008,545959,756,3160,30,0,-1,-1,757,80,98,26,0,-1,-1,199,6087,1176,978,830,468,151,-1,-1,1046,10742,2011-09-13
0.001,0.5,0.008,545959,756,3160,30,0,-1,-1,757,80,98,26,0,-1,-1,193,6319,1170,974,832,470,151,-1,-1,1042,10964,2011-09-13
0.001,0.6,0.008,545959,756,3160,30,0,-1,-1,757,80,98,26,0,-1,-1,180,5550,1171,971,831,468,152,-1,-1,1045,10195,2011-09-13
0.001,0.7,0.008,545959,756,3160,30,0,-1,-1,757,80,98,26,0,-1,-1,170,6075,1164,976,835,470,151,-1,-1,1045,10723,2011-09-13
0.001,0.8,0.008,545959,756,3160,30,0,-1,-1,757,80,98,26,0,-1,-1,129,6330,1170,970,829,469,151,-1,-1,1043,10967,2011-09-13
0.001,0.9,0.008,545959,756,3160,30,0,-1,-1,757,80,98,26,0,-1,-1,84,6741,1164,972,833,472,151,-1,-1,1047,11387,2011-09-13
0.001,1,0.008,545959,756,3160,30,0,-1,-1,757,80,98,26,0,-1,-1,0,5975,1158,979,832,472,151,-1,-1,1040,10613,2011-09-13
0.001,0.1,0.008,545959,756,3160,30,0,-1,-1,757,80,98,26,0,-1,-1,203,6739,1159,977,839,472,151,-1,-1,1046,11391,2011-09-13
0.001,0.2,0.008,545959,756,3160,30,0,-1,-1,757,80,98,26,0,-1,-1,203,5955,1163,975,835,469,151,-1,-1,1046,10599,2011-09-13
0.001,0.3,0.008,545959,756,3160,30,0,-1,-1,757,80,98,26,0,-1,-1,202,5685,1171,982,831,467,151,-1,-1,1041,10335,2011-09-13
0.001,0.4,0.008,545959,756,3160,30,0,-1,-1,757,80,98,26,0,-1,-1,199,6344,1169,970,832,470,151,-1,-1,1044,10986,2011-09-13
0.001,0.5,0.008,545959,756,3160,30,0,-1,-1,757,80,98,26,0,-1,-1,193,5291,1171,980,842,470,151,-1,-1,1049,9960,2011-09-13
0.001,0.6,0.008,545959,756,3160,30,0,-1,-1,757,80,98,26,0,-1,-1,180,5865,1166,980,832,469,151,-1,-1,1043,10512,2011-09-13
0.001,0.7,0.008,545959,756,3160,30,0,-1,-1,757,80,98,26,0,-1,-1,170,5830,1164,971,830,469,152,-1,-1,1039,10461,2011-09-13
0.001,0.8,0.008,545959,756,3160,30,0,-1,-1,757,80,98,26,0,-1,-1,129,5734,1174,991,832,470,151,-1,-1,1042,10401,2011-09-13
0.001,0.9,0.008,545959,756,3160,30,0,-1,-1,757,80,98,26,0,-1,-1,84,6144,1175,987,841,469,151,-1,-1,1040,10813,2011-09-13
0.001,1,0.008,545959,756,3160,30,0,-1,-1,757,80,98,26,0,-1,-1,0,5722,1170,975,834,474,151,-1,-1,1045,10377,2011-09-13
0.001,0.1,0.008,545959,756,3160,30,0,-1,-1,757,80,98,26,0,-1,-1,203,5974,1172,958,835,475,151,-1,-1,1042,10614,2011-09-13
0.001,0.2,0.008,545959,756,3160,30,0,-1,-1,757,80,98,26,0,-1,-1,203,5543,1163,996,839,470,151,-1,-1,1047,10216,2011-09-13
0.001,0.3,0.008,545959,756,3160,30,0,-1,-1,757,80,98,26,0,-1,-1,202,6033,1160,989,843,472,151,-1,-1,1047,10701,2011-09-13
0.001,0.4,0.008,545959,756,3160,30,0,-1,-1,757,80,98,26,0,-1,-1,199,6481,1164,972,834,477,151,-1,-1,1049,11134,2011-09-13
0.001,0.5,0.008,545959,756,3160,30,0,-1,-1,757,80,98,26,0,-1,-1,193,5917,1171,982,845,472,151,-1,-1,1048,10593,2011-09-13
0.001,0.6,0.008,545959,756,3160,30,0,-1,-1,757,80,98,26,0,-1,-1,180,6082,1174,974,831,468,151,-1,-1,1037,10724,2011-09-13
0.001,0.7,0.008,545959,756,3160,30,0,-1,-1,757,80,98,26,0,-1,-1,170,5632,1166,970,834,470,151,-1,-1,1047,10277,2011-09-13
0.001,0.8,0.008,545959,756,3160,30,0,-1,-1,757,80,98,26,0,-1,-1,129,5907,1168,984,841,473,151,-1,-1,1049,10579,2011-09-13
0.001,0.9,0.008,545959,756,3160,30,0,-1,-1,757,80,98,26,0,-1,-1,84,5565,1177,957,836,470,151,-1,-1,1044,10207,2011-09-13
0.001,1,0.008,545959,756,3160,30,0,-1,-1,757,80,98,26,0,-1,-1,0,6032,1161,974,838,473,151,-1,-1,1042,10676,2011-09-13
0.001,0.1,0.008,545959,756,3160,30,0,-1,-1,757,80,98,26,0,-1,-1,203,5944,1169,1055,842,470,151,-1,-1,1042,10679,2011-09-13
0.001,0.2,0.008,545959,756,3160,30,0,-1,-1,757,80,98,26,0,-1,-1,203,6447,1164,975,834,477,151,-1,-1,1047,11102,2011-09-13
0.001,0.3,0.008,545959,756,3160,30,0,-1,-1,757,80,98,26,0,-1,-1,202,5791,1168,980,832,472,151,-1,-1,1051,10450,2011-09-13
0.001,0.4,0.008,545959,756,3160,30,0,-1,-1,757,80,98,26,0,-1,-1,199,6349,1163,984,831,469,151,-1,-1,1044,10998,2011-09-13
0.001,0.5,0.008,545959,756,3160,30,0,-1,-1,757,80,98,26,0,-1,-1,193,6096,1160,984,844,470,151,-1,-1,1043,10755,2011-09-13
0.001,0.6,0.008,545959,756,3160,30,0,-1,-1,757,80,98,26,0,-1,-1,180,6307,1164,976,833,467,152,-1,-1,1046,10951,2011-09-13
0.001,0.7,0.008,545959,756,3160,30,0,-1,-1,757,80,98,26,0,-1,-1,170,5331,1177,977,836,474,151,-1,-1,1049,10001,2011-09-13
0.001,0.8,0.008,545959,756,3160,30,0,-1,-1,757,80,98,26,0,-1,-1,129,5686,1182,1049,834,469,151,-1,-1,1048,10426,2011-09-13
0.001,0.9,0.008,545959,756,3160,30,0,-1,-1,757,80,98,26,0,-1,-1,84,5305,1170,980,836,470,151,-1,-1,1048,9966,2011-09-13
0.001,1,0.008,545959,756,3160,30,0,-1,-1,757,80,98,26,0,-1,-1,0,6119,1167,982,835,471,151,-1,-1,1048,10779,2011-09-13
0.001,0.1,0.008,545959,756,3160,30,0,-1,-1,757,80,98,26,0,-1,-1,203,6115,1160,975,834,468,151,-1,-1,1039,10748,2011-09-13
0.001,0.2,0.008,545959,756,3160,30,0,-1,-1,757,80,98,26,0,-1,-1,203,6532,1167,983,832,468,151,-1,-1,1043,11182,2011-09-13
0.001,0.3,0.008,545959,756,3160,30,0,-1,-1,757,80,98,26,0,-1,-1,202,6099,1173,977,830,471,151,-1,-1,1047,10755,2011-09-13
0.001,0.4,0.008,545959,756,3160,30,0,-1,-1,757,80,98,26,0,-1,-1,199,5631,1178,974,837,472,151,-1,-1,1047,10297,2011-09-13
0.001,0.5,0.008,545959,756,3160,30,0,-1,-1,757,80,98,26,0,-1,-1,193,6241,1176,975,839,471,151,-1,-1,1051,10910,2011-09-13
0.001,0.6,0.008,545959,756,3160,30,0,-1,-1,757,80,98,26,0,-1,-1,180,5795,1191,974,832,471,152,-1,-1,1043,10465,2011-09-13
0.001,0.7,0.008,545959,756,3160,30,0,-1,-1,757,80,98,26,0,-1,-1,170,6136,1165,1008,838,496,151,-1,-1,1049,10849,2011-09-13
0.001,0.8,0.008,545959,756,3160,30,0,-1,-1,757,80,98,26,0,-1,-1,129,5818,1176,981,836,473,151,-1,-1,1050,10490,2011-09-13
0.001,0.9,0.008,545959,756,3160,30,0,-1,-1,757,80,98,26,0,-1,-1,84,5720,1172,972,833,469,151,-1,-1,1050,10371,2011-09-13
0.001,1,0.008,545959,756,3160,30,0,-1,-1,757,80,98,26,0,-1,-1,0,5896,1180,974,829,467,150,-1,-1,1038,10538,2011-09-13
0.001,0.1,0.008,545959,756,3160,30,0,-1,-1,757,80,98,26,0,-1,-1,203,5692,1160,965,834,471,151,-1,-1,1038,10317,2011-09-13
0.001,0.2,0.008,545959,756,3160,30,0,-1,-1,757,80,98,26,0,-1,-1,203,5965,1170,984,836,475,151,-1,-1,1042,10630,2011-09-13
0.001,0.3,0.008,545959,756,3160,30,0,-1,-1,757,80,98,26,0,-1,-1,202,6134,1173,955,833,485,151,-1,-1,1051,10790,2011-09-13
0.001,0.4,0.008,545959,756,3160,30,0,-1,-1,757,80,98,26,0,-1,-1,199,5586,1165,968,834,470,151,-1,-1,1049,10230,2011-09-13
0.001,0.5,0.008,545959,756,3160,30,0,-1,-1,757,80,98,26,0,-1,-1,193,5633,1178,979,832,470,151,-1,-1,1041,10291,2011-09-13
0.001,0.6,0.008,545959,756,3160,30,0,-1,-1,757,80,98,26,0,-1,-1,180,5172,1177,978,831,469,152,-1,-1,1041,9827,2011-09-13
0.001,0.7,0.008,545959,756,3160,30,0,-1,-1,757,80,98,26,0,-1,-1,170,5966,1157,987,840,469,151,-1,-1,1048,10625,2011-09-13
0.001,0.8,0.008,545959,756,3160,30,0,-1,-1,757,80,98,26,0,-1,-1,129,5596,1160,971,832,470,151,-1,-1,1051,10238,2011-09-13
0.001,0.9,0.008,545959,756,3160,30,0,-1,-1,757,80,98,26,0,-1,-1,84,6058,1157,973,829,470,151,-1,-1,1042,10687,2011-09-13
0.001,1,0.008,545959,756,3160,30,0,-1,-1,757,80,98,26,0,-1,-1,0,6009,1176,979,830,470,151,-1,-1,1039,10659,2011-09-13
0.001,0.1,0.008,545959,756,3160,30,0,-1,-1,757,80,98,26,0,-1,-1,203,5714,1171,954,832,474,151,-1,-1,1046,10349,2011-09-13
0.001,0.2,0.008,545959,756,3160,30,0,-1,-1,757,80,98,26,0,-1,-1,203,5320,1169,972,834,470,151,-1,-1,1046,9968,2011-09-13
0.001,0.3,0.008,545959,756,3160,30,0,-1,-1,757,80,98,26,0,-1,-1,202,5534,1175,974,837,472,151,-1,-1,1048,10198,2011-09-13
0.001,0.4,0.008,545959,756,3160,30,0,-1,-1,757,80,98,26,0,-1,-1,199,6206,1160,972,834,473,152,-1,-1,1051,10853,2011-09-13
0.001,0.5,0.008,545959,756,3160,30,0,-1,-1,757,80,98,26,0,-1,-1,193,5722,1172,974,836,470,151,-1,-1,1046,10378,2011-09-13
0.001,0.6,0.008,545959,756,3160,30,0,-1,-1,757,80,98,26,0,-1,-1,180,6034,1177,978,836,471,151,-1,-1,1047,10700,2011-09-13
0.001,0.7,0.008,545959,756,3160,30,0,-1,-1,757,80,98,26,0,-1,-1,170,5524,1173,955,835,473,151,-1,-1,1048,10165,2011-09-13
0.001,0.8,0.008,545959,756,3160,30,0,-1,-1,757,80,98,26,0,-1,-1,129,5788,1172,973,833,470,151,-1,-1,1047,10441,2011-09-13
0.001,0.9,0.008,545959,756,3160,30,0,-1,-1,757,80,98,26,0,-1,-1,84,5708,1173,976,829,470,151,-1,-1,1042,10355,2011-09-13
0.001,1,0.008,545959,756,3160,30,0,-1,-1,757,80,98,26,0,-1,-1,0,5925,1170,975,837,474,151,-1,-1,1051,10589,2011-09-13
0.001,0.1,0.008,545959,756,3160,30,0,-1,-1,757,80,98,26,0,-1,-1,203,5851,1167,971,829,468,152,-1,-1,1036,10480,2011-09-13
0.001,0.2,0.008,545959,756,3160,30,0,-1,-1,757,80,98,26,0,-1,-1,203,5979,1157,980,832,470,151,-1,-1,1041,10617,2011-09-13
0.001,0.3,0.008,545959,756,3160,30,0,-1,-1,757,80,98,26,0,-1,-1,202,6154,1165,1050,830,468,152,-1,-1,1046,10872,2011-09-13
0.001,0.4,0.008,545959,756,3160,30,0,-1,-1,757,80,98,26,0,-1,-1,199,6140,1162,969,829,468,151,-1,-1,1042,10768,2011-09-13
0.001,0.5,0.008,545959,756,3160,30,0,-1,-1,757,80,98,26,0,-1,-1,193,5782,1157,975,834,470,151,-1,-1,1043,10419,2011-09-13
0.001,0.6,0.008,545959,756,3160,30,0,-1,-1,757,80,98,26,0,-1,-1,180,5819,1183,964,844,471,151,-1,-1,1040,10479,2011-09-13
0.001,0.7,0.008,545959,756,3160,30,0,-1,-1,757,80,98,26,0,-1,-1,170,6260,1176,975,834,474,151,-1,-1,1047,10924,2011-09-13
0.001,0.8,0.008,545959,756,3160,30,0,-1,-1,757,80,98,26,0,-1,-1,129,6071,1169,977,833,472,152,-1,-1,1048,10728,2011-09-13
0.001,0.9,0.008,545959,756,3160,30,0,-1,-1,757,80,98,26,0,-1,-1,84,5443,1168,982,832,470,152,-1,-1,1048,10102,2011-09-13
0.001,1,0.008,545959,756,3160,30,0,-1,-1,757,80,98,26,0,-1,-1,0,6320,1165,973,834,468,152,-1,-1,1040,10958,2011-09-13
